row_id,target
A_0_WBE,0
A_1_WBE,0
A_2_WBE,0
A_3_WBE,0
A_4_WBE,0
A_5_WBE,0
A_6_WBE,0
A_7_WBE,0
A_8_WBE,0
A_9_WBE,0
A_10_WBE,0
A_11_WBE,0
A_12_WBE,0
A_13_WBE,0
A_14_WBE,0
A_15_WBE,0
A_16_WBE,0
A_17_WBE,0
A_18_WBE,0
A_19_WBE,0
A_20_WBE,0
A_21_WBE,0
A_22_WBE,0
A_23_WBE,0
A_24_WBE,0
A_25_WBE,0
A_26_WBE,0
A_27_WBE,0
A_28_WBE,0
A_29_WBE,0
A_30_WBE,0
A_31_WBE,0
A_32_WBE,0
A_33_WBE,0
A_34_WBE,0
A_35_WBE,0
A_36_WBE,0
A_37_WBE,0
A_38_WBE,0
A_39_WBE,0
A_40_WBE,0
A_41_WBE,0
A_42_WBE,0
A_43_WBE,0
A_44_WBE,0
A_45_WBE,0
A_46_WBE,0
A_47_WBE,0
A_48_WBE,0
A_49_WBE,0
A_50_WBE,0
A_51_WBE,0
A_52_WBE,0
A_53_WBE,0
A_54_WBE,0
A_55_WBE,0
A_56_WBE,0
A_57_WBE,0
A_58_WBE,0
A_59_WBE,0
A_60_WBE,0
A_61_WBE,0
A_62_WBE,0
A_63_WBE,0
A_64_WBE,0
A_65_WBE,0
A_66_WBE,0
A_67_WBE,0
A_68_WBE,0
A_69_WBE,0
A_70_WBE,0
A_71_WBE,0
A_72_WBE,0
A_73_WBE,0
A_74_WBE,0
A_75_WBE,0
A_76_WBE,0
A_77_WBE,0
A_78_WBE,0
A_79_WBE,0
A_80_WBE,0
A_81_WBE,0
A_82_WBE,0
A_83_WBE,0
A_84_WBE,0
A_85_WBE,0
A_86_WBE,0
A_87_WBE,0
A_88_WBE,0
A_89_WBE,0
A_90_WBE,0
A_91_WBE,0
A_92_WBE,0
A_93_WBE,0
A_94_WBE,0
A_95_WBE,0
A_96_WBE,0
A_97_WBE,0
A_98_WBE,0
A_99_WBE,0
A_100_WBE,0
A_101_WBE,0
A_102_WBE,0
A_103_WBE,0
A_104_WBE,0
A_105_WBE,0
A_106_WBE,0
A_107_WBE,0
A_108_WBE,0
A_109_WBE,0
A_110_WBE,0
A_111_WBE,0
A_112_WBE,0
A_113_WBE,0
A_114_WBE,0
A_115_WBE,0
A_116_WBE,0
A_117_WBE,0
A_118_WBE,0
A_119_WBE,0
A_120_WBE,0
A_121_WBE,0
A_122_WBE,0
A_123_WBE,0
A_124_WBE,0
A_125_WBE,0
A_126_WBE,0
A_127_WBE,0
A_128_WBE,0
A_129_WBE,0
A_130_WBE,0
A_131_WBE,0
A_132_WBE,0
A_133_WBE,0
A_134_WBE,0
A_135_WBE,0
A_136_WBE,0
A_137_WBE,0
A_138_WBE,0
A_139_WBE,0
A_140_WBE,0
A_141_WBE,0
A_142_WBE,0
A_143_WBE,0
A_144_WBE,0
A_145_WBE,0
A_146_WBE,0
A_147_WBE,0
A_148_WBE,0
A_149_WBE,0
A_150_WBE,0
A_151_WBE,0
A_152_WBE,0
A_153_WBE,0
A_154_WBE,0
A_155_WBE,0
A_156_WBE,0
A_157_WBE,0
A_158_WBE,0
A_159_WBE,0
A_160_WBE,0
A_161_WBE,0
A_162_WBE,0
A_163_WBE,0
A_164_WBE,0
A_165_WBE,0
A_166_WBE,0
A_167_WBE,0
A_168_WBE,0
A_169_WBE,0
A_170_WBE,0
A_171_WBE,0
A_172_WBE,0
A_173_WBE,0
A_174_WBE,0
A_175_WBE,0
A_176_WBE,0
A_177_WBE,0
A_178_WBE,0
A_179_WBE,0
A_180_WBE,0
A_181_WBE,0
A_182_WBE,0
A_183_WBE,0
A_184_WBE,0
A_185_WBE,0
A_186_WBE,0
A_187_WBE,0
A_188_WBE,0
A_189_WBE,0
A_190_WBE,0
A_191_WBE,0
A_192_WBE,0
A_193_WBE,0
A_194_WBE,0
A_195_WBE,0
A_196_WBE,0
A_197_WBE,0
A_198_WBE,0
A_199_WBE,0
A_200_WBE,0
A_201_WBE,0
A_202_WBE,0
A_203_WBE,0
A_204_WBE,0
A_205_WBE,0
A_206_WBE,0
A_207_WBE,0
A_208_WBE,0
A_209_WBE,0
A_210_WBE,0
A_211_WBE,0
A_212_WBE,0
A_213_WBE,0
A_214_WBE,0
A_215_WBE,0
A_216_WBE,0
A_217_WBE,0
A_218_WBE,0
A_219_WBE,0
A_220_WBE,0
A_221_WBE,0
A_222_WBE,0
A_223_WBE,0
A_224_WBE,0
A_225_WBE,0
A_226_WBE,0
A_227_WBE,0
A_228_WBE,0
A_229_WBE,0
A_230_WBE,0
A_231_WBE,0
A_232_WBE,0
A_233_WBE,0
A_234_WBE,0
A_235_WBE,0
A_236_WBE,0
A_237_WBE,0
A_238_WBE,0
A_239_WBE,0
A_240_WBE,0
A_241_WBE,0
A_242_WBE,0
A_243_WBE,0
A_244_WBE,0
A_245_WBE,0
A_246_WBE,0
A_247_WBE,0
A_248_WBE,0
A_249_WBE,0
A_250_WBE,0
A_251_WBE,0
A_252_WBE,0
A_253_WBE,0
A_254_WBE,0
A_255_WBE,0
A_256_WBE,0
A_257_WBE,0
A_258_WBE,0
A_259_WBE,0
A_260_WBE,0
A_261_WBE,0
A_262_WBE,0
A_263_WBE,0
A_264_WBE,0
A_265_WBE,0
A_266_WBE,0
A_267_WBE,0
A_268_WBE,0
A_269_WBE,0
A_270_WBE,0
A_271_WBE,0
A_272_WBE,0
A_273_WBE,0
A_274_WBE,0
A_275_WBE,0
A_276_WBE,0
A_277_WBE,0
A_278_WBE,0
A_279_WBE,0
A_280_WBE,0
A_281_WBE,0
A_282_WBE,0
A_283_WBE,0
A_284_WBE,0
A_285_WBE,0
A_286_WBE,0
A_287_WBE,0
A_288_WBE,0
A_289_WBE,0
A_290_WBE,0
A_291_WBE,0
A_292_WBE,0
A_293_WBE,0
A_294_WBE,0
A_295_WBE,0
A_296_WBE,0
A_297_WBE,0
A_298_WBE,0
A_299_WBE,0
A_300_WBE,0
A_301_WBE,0
A_302_WBE,0
A_303_WBE,0
A_304_WBE,0
A_305_WBE,0
A_306_WBE,0
A_307_WBE,0
A_308_WBE,0
A_309_WBE,0
A_310_WBE,0
A_311_WBE,0
A_312_WBE,0
A_313_WBE,0
A_314_WBE,0
A_315_WBE,0
A_316_WBE,0
A_317_WBE,0
A_318_WBE,0
A_319_WBE,0
A_320_WBE,0
A_321_WBE,0
A_322_WBE,0
A_323_WBE,0
A_324_WBE,0
A_325_WBE,0
A_326_WBE,0
A_327_WBE,0
A_328_WBE,0
A_329_WBE,0
A_330_WBE,0
A_331_WBE,0
A_332_WBE,0
A_333_WBE,0
A_334_WBE,0
A_335_WBE,0
A_336_WBE,0
A_337_WBE,0
A_338_WBE,0
A_339_WBE,0
A_340_WBE,0
A_341_WBE,0
A_342_WBE,0
A_343_WBE,0
A_344_WBE,0
A_345_WBE,0
A_346_WBE,0
A_347_WBE,0
A_348_WBE,0
A_349_WBE,0
A_350_WBE,0
A_351_WBE,0
A_352_WBE,0
A_353_WBE,0
A_354_WBE,0
A_355_WBE,0
A_356_WBE,0
A_357_WBE,0
A_358_WBE,0
A_359_WBE,0
A_360_WBE,0
A_361_WBE,0
A_362_WBE,0
A_363_WBE,0
A_364_WBE,0
A_365_WBE,0
A_366_WBE,0
A_367_WBE,0
A_368_WBE,0
A_369_WBE,0
A_370_WBE,0
A_371_WBE,0
A_372_WBE,0
A_373_WBE,0
A_374_WBE,0
A_375_WBE,0
A_376_WBE,0
A_377_WBE,0
A_378_WBE,0
A_379_WBE,0
A_380_WBE,0
A_381_WBE,0
A_382_WBE,0
A_383_WBE,0
A_384_WBE,0
A_385_WBE,0
A_386_WBE,0
A_387_WBE,0
A_388_WBE,0
A_389_WBE,0
A_390_WBE,0
A_391_WBE,0
A_392_WBE,0
A_393_WBE,0
A_394_WBE,0
A_395_WBE,0
A_396_WBE,0
A_397_WBE,0
A_398_WBE,0
A_399_WBE,0
A_400_WBE,0
A_401_WBE,0
A_402_WBE,0
A_403_WBE,0
A_404_WBE,0
A_405_WBE,0
A_406_WBE,0
A_407_WBE,0
A_408_WBE,0
A_409_WBE,0
A_410_WBE,0
A_411_WBE,0
A_412_WBE,0
A_413_WBE,0
A_414_WBE,0
A_415_WBE,0
A_416_WBE,0
A_417_WBE,0
A_418_WBE,0
A_419_WBE,0
A_420_WBE,0
A_421_WBE,0
A_422_WBE,0
A_423_WBE,0
A_424_WBE,0
A_425_WBE,0
A_426_WBE,0
A_427_WBE,0
A_428_WBE,0
A_429_WBE,0
A_430_WBE,0
A_431_WBE,0
A_432_WBE,0
A_433_WBE,0
A_434_WBE,0
A_435_WBE,0
A_436_WBE,0
A_437_WBE,0
A_438_WBE,0
A_439_WBE,0
A_440_WBE,0
A_441_WBE,0
A_442_WBE,0
A_443_WBE,0
A_444_WBE,0
A_445_WBE,0
A_446_WBE,0
A_447_WBE,0
A_448_WBE,0
A_449_WBE,0
A_450_WBE,0
A_451_WBE,0
A_452_WBE,0
A_453_WBE,0
A_454_WBE,0
A_455_WBE,0
A_456_WBE,0
A_457_WBE,0
A_458_WBE,0
A_459_WBE,0
A_460_WBE,0
A_461_WBE,0
A_462_WBE,0
A_463_WBE,0
A_464_WBE,0
A_465_WBE,0
A_466_WBE,0
A_467_WBE,0
A_468_WBE,0
A_469_WBE,0
A_470_WBE,0
A_471_WBE,0
A_472_WBE,0
A_473_WBE,0
A_474_WBE,0
A_475_WBE,0
A_476_WBE,0
A_477_WBE,0
A_478_WBE,0
A_479_WBE,0
A_480_WBE,0
A_481_WBE,0
A_482_WBE,0
A_483_WBE,0
A_484_WBE,0
A_485_WBE,0
A_486_WBE,0
A_487_WBE,0
A_488_WBE,0
A_489_WBE,0
A_490_WBE,0
A_491_WBE,0
A_492_WBE,0
A_493_WBE,0
A_494_WBE,0
A_495_WBE,0
A_496_WBE,0
A_497_WBE,0
A_498_WBE,0
A_499_WBE,0
A_500_WBE,0
A_501_WBE,0
A_502_WBE,0
A_503_WBE,0
A_504_WBE,0
A_505_WBE,0
A_506_WBE,0
A_507_WBE,0
A_508_WBE,0
A_509_WBE,0
A_510_WBE,0
A_511_WBE,0
A_512_WBE,0
A_513_WBE,0
A_514_WBE,0
A_515_WBE,0
A_516_WBE,0
A_517_WBE,0
A_518_WBE,0
A_519_WBE,0
A_520_WBE,0
A_521_WBE,0
A_522_WBE,0
A_523_WBE,0
A_524_WBE,0
A_525_WBE,0
A_526_WBE,0
A_527_WBE,0
A_528_WBE,0
A_529_WBE,0
A_530_WBE,0
A_531_WBE,0
A_532_WBE,0
A_533_WBE,0
A_534_WBE,0
A_535_WBE,0
A_536_WBE,0
A_537_WBE,0
A_538_WBE,0
A_539_WBE,0
A_540_WBE,0
A_541_WBE,0
A_542_WBE,0
A_543_WBE,0
A_544_WBE,0
A_545_WBE,0
A_546_WBE,0
A_547_WBE,0
A_548_WBE,0
A_549_WBE,0
A_550_WBE,0
A_551_WBE,0
A_552_WBE,0
A_553_WBE,0
A_554_WBE,0
A_555_WBE,0
A_556_WBE,0
A_557_WBE,0
A_558_WBE,0
A_559_WBE,0
A_560_WBE,0
A_561_WBE,0
A_562_WBE,0
A_563_WBE,0
A_564_WBE,0
A_565_WBE,0
A_566_WBE,0
A_567_WBE,0
A_568_WBE,0
A_569_WBE,0
A_570_WBE,0
A_571_WBE,0
A_572_WBE,0
A_573_WBE,0
A_574_WBE,0
A_575_WBE,0
A_576_WBE,0
A_577_WBE,0
A_578_WBE,0
A_579_WBE,0
A_580_WBE,0
A_581_WBE,0
A_582_WBE,0
A_583_WBE,0
A_584_WBE,0
A_585_WBE,0
A_586_WBE,0
A_587_WBE,0
A_588_WBE,0
A_589_WBE,0
A_590_WBE,0
A_591_WBE,0
A_592_WBE,0
A_593_WBE,0
A_594_WBE,0
A_595_WBE,0
A_596_WBE,0
A_597_WBE,0
A_598_WBE,0
A_599_WBE,0
A_600_WBE,0
A_601_WBE,0
A_602_WBE,0
A_603_WBE,0
A_604_WBE,0
A_605_WBE,0
A_606_WBE,0
A_607_WBE,0
A_608_WBE,0
A_609_WBE,0
A_610_WBE,0
A_611_WBE,0
A_612_WBE,0
A_613_WBE,0
A_614_WBE,0
A_615_WBE,0
A_616_WBE,0
A_617_WBE,0
A_618_WBE,0
A_619_WBE,0
A_620_WBE,0
A_621_WBE,0
A_622_WBE,0
A_623_WBE,0
A_624_WBE,0
A_625_WBE,0
A_626_WBE,0
A_627_WBE,0
A_628_WBE,0
A_629_WBE,0
A_630_WBE,0
A_631_WBE,0
A_632_WBE,0
A_633_WBE,0
A_634_WBE,0
A_635_WBE,0
A_636_WBE,0
A_637_WBE,0
A_638_WBE,0
A_639_WBE,0
A_640_WBE,0
A_641_WBE,0
A_642_WBE,0
A_643_WBE,0
A_644_WBE,0
A_645_WBE,0
A_646_WBE,0
A_647_WBE,0
A_648_WBE,0
A_649_WBE,0
A_650_WBE,0
A_651_WBE,0
A_652_WBE,0
A_653_WBE,0
A_654_WBE,0
A_655_WBE,0
A_656_WBE,0
A_657_WBE,0
A_658_WBE,0
A_659_WBE,0
A_660_WBE,0
A_661_WBE,0
A_662_WBE,0
A_663_WBE,0
A_664_WBE,0
A_665_WBE,0
A_666_WBE,0
A_667_WBE,0
A_668_WBE,0
A_669_WBE,0
A_670_WBE,0
A_671_WBE,0
A_672_WBE,0
A_673_WBE,0
A_674_WBE,0
A_675_WBE,0
A_676_WBE,0
A_677_WBE,0
A_678_WBE,0
A_679_WBE,0
A_680_WBE,0
A_681_WBE,0
A_682_WBE,0
A_683_WBE,0
A_684_WBE,0
A_685_WBE,0
A_686_WBE,0
A_687_WBE,0
A_688_WBE,0
A_689_WBE,0
A_690_WBE,0
A_691_WBE,0
A_692_WBE,0
A_693_WBE,0
A_694_WBE,0
A_695_WBE,0
A_696_WBE,0
A_697_WBE,0
A_698_WBE,0
A_699_WBE,0
A_700_WBE,0
A_701_WBE,0
A_702_WBE,0
A_703_WBE,0
A_704_WBE,0
A_705_WBE,0
A_706_WBE,0
A_707_WBE,0
A_708_WBE,0
A_709_WBE,0
A_710_WBE,0
A_711_WBE,0
A_712_WBE,0
A_713_WBE,0
A_714_WBE,0
A_715_WBE,0
A_716_WBE,0
A_717_WBE,0
A_718_WBE,0
A_719_WBE,0
A_720_WBE,0
A_721_WBE,0
A_722_WBE,0
A_723_WBE,0
A_724_WBE,0
A_725_WBE,0
A_726_WBE,0
A_727_WBE,0
A_728_WBE,0
A_729_WBE,0
A_730_WBE,0
A_731_WBE,0
A_732_WBE,0
A_733_WBE,0
A_734_WBE,0
A_735_WBE,0
A_736_WBE,0
A_737_WBE,0
A_738_WBE,0
A_739_WBE,0
A_740_WBE,0
A_741_WBE,0
A_742_WBE,0
A_743_WBE,0
A_744_WBE,0
A_745_WBE,0
A_746_WBE,0
A_747_WBE,0
A_748_WBE,0
A_749_WBE,0
A_750_WBE,0
A_751_WBE,0
A_752_WBE,0
A_753_WBE,0
A_754_WBE,0
A_755_WBE,0
A_756_WBE,0
A_757_WBE,0
A_758_WBE,0
A_759_WBE,0
A_760_WBE,0
A_761_WBE,0
A_762_WBE,0
A_763_WBE,0
A_764_WBE,0
A_765_WBE,0
A_766_WBE,0
A_767_WBE,0
A_768_WBE,0
A_769_WBE,0
A_770_WBE,0
A_771_WBE,0
A_772_WBE,0
A_773_WBE,0
A_774_WBE,0
A_775_WBE,0
A_776_WBE,0
A_777_WBE,0
A_778_WBE,0
A_779_WBE,0
A_780_WBE,0
A_781_WBE,0
A_782_WBE,0
A_783_WBE,0
A_784_WBE,0
A_785_WBE,0
A_786_WBE,0
A_787_WBE,0
A_788_WBE,0
A_789_WBE,0
A_790_WBE,0
A_791_WBE,0
A_792_WBE,0
A_793_WBE,0
A_794_WBE,0
A_795_WBE,0
A_796_WBE,0
A_797_WBE,0
A_798_WBE,0
A_799_WBE,0
A_800_WBE,0
A_801_WBE,0
A_802_WBE,0
A_803_WBE,0
A_804_WBE,0
A_805_WBE,0
A_806_WBE,0
A_807_WBE,0
A_808_WBE,0
A_809_WBE,0
A_810_WBE,0
A_811_WBE,0
A_812_WBE,0
A_813_WBE,0
A_814_WBE,0
A_815_WBE,0
A_816_WBE,0
A_817_WBE,0
A_818_WBE,0
A_819_WBE,0
A_820_WBE,0
A_821_WBE,0
A_822_WBE,0
A_823_WBE,0
A_824_WBE,0
A_825_WBE,0
A_826_WBE,0
A_827_WBE,0
A_828_WBE,0
A_829_WBE,0
A_830_WBE,0
A_831_WBE,0
A_832_WBE,0
A_833_WBE,0
A_834_WBE,0
A_835_WBE,0
A_836_WBE,0
A_837_WBE,0
A_838_WBE,0
A_839_WBE,0
A_840_WBE,0
A_841_WBE,0
A_842_WBE,0
A_843_WBE,0
A_844_WBE,0
A_845_WBE,0
A_846_WBE,0
A_847_WBE,0
A_848_WBE,0
A_849_WBE,0
A_850_WBE,0
A_851_WBE,0
A_852_WBE,0
A_853_WBE,0
A_854_WBE,0
A_855_WBE,0
A_856_WBE,0
A_857_WBE,0
A_858_WBE,0
A_859_WBE,0
A_860_WBE,0
A_861_WBE,0
A_862_WBE,0
A_863_WBE,0
A_864_WBE,0
A_865_WBE,0
A_866_WBE,0
A_867_WBE,0
A_868_WBE,0
A_869_WBE,0
A_870_WBE,0
A_871_WBE,0
A_872_WBE,0
A_873_WBE,0
A_874_WBE,0
A_875_WBE,0
A_876_WBE,0
A_877_WBE,0
A_878_WBE,0
A_879_WBE,0
A_880_WBE,0
A_881_WBE,0
A_882_WBE,0
A_883_WBE,0
A_884_WBE,0
A_885_WBE,0
A_886_WBE,0
A_887_WBE,0
A_888_WBE,0
A_889_WBE,0
A_890_WBE,0
A_891_WBE,0
A_892_WBE,0
A_893_WBE,0
A_894_WBE,0
A_895_WBE,0
A_896_WBE,0
A_897_WBE,0
A_898_WBE,0
A_899_WBE,0
A_900_WBE,0
A_901_WBE,0
A_902_WBE,0
A_903_WBE,0
A_904_WBE,0
A_905_WBE,0
A_906_WBE,0
A_907_WBE,0
A_908_WBE,0
A_909_WBE,0
A_910_WBE,0
A_911_WBE,0
A_912_WBE,0
A_913_WBE,0
A_914_WBE,0
A_915_WBE,0
A_916_WBE,0
A_917_WBE,0
A_918_WBE,0
A_919_WBE,0
A_920_WBE,0
A_921_WBE,0
A_922_WBE,0
A_923_WBE,0
A_924_WBE,0
A_925_WBE,0
A_926_WBE,0
A_927_WBE,0
A_928_WBE,0
A_929_WBE,0
A_930_WBE,0
A_931_WBE,0
A_932_WBE,0
A_933_WBE,0
A_934_WBE,0
A_935_WBE,0
A_936_WBE,0
A_937_WBE,0
A_938_WBE,0
A_939_WBE,0
A_940_WBE,0
A_941_WBE,0
A_942_WBE,0
A_943_WBE,0
A_944_WBE,0
A_945_WBE,0
A_946_WBE,0
A_947_WBE,0
A_948_WBE,0
A_949_WBE,0
A_950_WBE,0
A_951_WBE,0
A_952_WBE,0
A_953_WBE,0
A_954_WBE,0
A_955_WBE,0
A_956_WBE,0
A_957_WBE,0
A_958_WBE,0
A_959_WBE,0
A_960_WBE,0
A_961_WBE,0
A_962_WBE,0
A_963_WBE,0
A_964_WBE,0
A_965_WBE,0
A_966_WBE,0
A_967_WBE,0
A_968_WBE,0
A_969_WBE,0
A_970_WBE,0
A_971_WBE,0
A_972_WBE,0
A_973_WBE,0
A_974_WBE,0
A_975_WBE,0
A_976_WBE,0
A_977_WBE,0
A_978_WBE,0
A_979_WBE,0
A_980_WBE,0
A_981_WBE,0
A_982_WBE,0
A_983_WBE,0
A_984_WBE,0
A_985_WBE,0
A_986_WBE,0
A_987_WBE,0
A_988_WBE,0
A_989_WBE,0
A_990_WBE,0
A_991_WBE,0
A_992_WBE,0
A_993_WBE,0
A_994_WBE,0
A_995_WBE,0
A_996_WBE,0
A_997_WBE,0
A_998_WBE,0
A_999_WBE,0
A_1000_WBE,0
A_1001_WBE,0
A_1002_WBE,0
A_1003_WBE,0
A_1004_WBE,0
A_1005_WBE,0
A_1006_WBE,0
A_1007_WBE,0
A_1008_WBE,0
A_1009_WBE,0
A_1010_WBE,0
A_1011_WBE,0
A_1012_WBE,0
A_1013_WBE,0
A_1014_WBE,0
A_1015_WBE,0
A_1016_WBE,0
A_1017_WBE,0
A_1018_WBE,0
A_1019_WBE,0
A_1020_WBE,0
A_1021_WBE,0
A_1022_WBE,0
A_1023_WBE,0
A_1024_WBE,0
A_1025_WBE,0
A_1026_WBE,0
A_1027_WBE,0
A_1028_WBE,0
A_1029_WBE,0
A_1030_WBE,0
A_1031_WBE,0
A_1032_WBE,0
A_1033_WBE,0
A_1034_WBE,0
A_1035_WBE,0
A_1036_WBE,0
A_1037_WBE,0
A_1038_WBE,0
A_1039_WBE,0
A_1040_WBE,0
A_1041_WBE,0
A_1042_WBE,0
A_1043_WBE,0
A_1044_WBE,0
A_1045_WBE,0
A_1046_WBE,0
A_1047_WBE,0
A_1048_WBE,0
A_1049_WBE,0
A_1050_WBE,0
A_1051_WBE,0
A_1052_WBE,0
A_1053_WBE,0
A_1054_WBE,0
A_1055_WBE,0
A_1056_WBE,0
A_1057_WBE,0
A_1058_WBE,0
A_1059_WBE,0
A_1060_WBE,0
A_1061_WBE,0
A_1062_WBE,0
A_1063_WBE,0
A_1064_WBE,0
A_1065_WBE,0
A_1066_WBE,0
A_1067_WBE,0
A_1068_WBE,0
A_1069_WBE,0
A_1070_WBE,0
A_1071_WBE,0
A_1072_WBE,0
A_1073_WBE,0
A_1074_WBE,0
A_1075_WBE,0
A_1076_WBE,0
A_1077_WBE,0
A_1078_WBE,0
A_1079_WBE,0
A_1080_WBE,0
A_1081_WBE,0
A_1082_WBE,0
A_1083_WBE,0
A_1084_WBE,0
A_1085_WBE,0
A_1086_WBE,0
A_1087_WBE,0
A_1088_WBE,0
A_1089_WBE,0
A_1090_WBE,0
A_1091_WBE,0
A_1092_WBE,0
A_1093_WBE,0
A_1094_WBE,0
A_1095_WBE,0
A_1096_WBE,0
A_1097_WBE,0
A_1098_WBE,0
A_1099_WBE,0
A_1100_WBE,0
A_1101_WBE,0
A_1102_WBE,0
A_1103_WBE,0
A_1104_WBE,0
A_1105_WBE,0
A_1106_WBE,0
A_1107_WBE,0
A_1108_WBE,0
A_1109_WBE,0
A_1110_WBE,0
A_1111_WBE,0
A_1112_WBE,0
A_1113_WBE,0
A_1114_WBE,0
A_1115_WBE,0
A_1116_WBE,0
A_1117_WBE,0
A_1118_WBE,0
A_1119_WBE,0
A_1120_WBE,0
A_1121_WBE,0
A_1122_WBE,0
A_1123_WBE,0
A_1124_WBE,0
A_1125_WBE,0
A_1126_WBE,0
A_1127_WBE,0
A_1128_WBE,0
A_1129_WBE,0
A_1130_WBE,0
A_1131_WBE,0
A_1132_WBE,0
A_1133_WBE,0
A_1134_WBE,0
A_1135_WBE,0
A_1136_WBE,0
A_1137_WBE,0
A_1138_WBE,0
A_1139_WBE,0
A_1140_WBE,0
A_1141_WBE,0
A_1142_WBE,0
A_1143_WBE,0
A_1144_WBE,0
A_1145_WBE,0
A_1146_WBE,0
A_1147_WBE,0
A_1148_WBE,0
A_1149_WBE,0
A_1150_WBE,0
A_1151_WBE,0
A_1152_WBE,0
A_1153_WBE,0
A_1154_WBE,0
A_1155_WBE,0
A_1156_WBE,0
A_1157_WBE,0
A_1158_WBE,0
A_1159_WBE,0
A_1160_WBE,0
A_1161_WBE,0
A_1162_WBE,0
A_1163_WBE,0
A_1164_WBE,0
A_1165_WBE,0
A_1166_WBE,0
A_1167_WBE,0
A_1168_WBE,0
A_1169_WBE,0
A_1170_WBE,0
A_1171_WBE,0
A_1172_WBE,0
A_1173_WBE,0
A_1174_WBE,0
A_1175_WBE,0
A_1176_WBE,0
A_1177_WBE,0
A_1178_WBE,0
A_1179_WBE,0
A_1180_WBE,0
A_1181_WBE,0
A_1182_WBE,0
A_1183_WBE,0
A_1184_WBE,0
A_1185_WBE,0
A_1186_WBE,0
A_1187_WBE,0
A_1188_WBE,0
A_1189_WBE,0
A_1190_WBE,0
A_1191_WBE,0
A_1192_WBE,0
A_1193_WBE,0
A_1194_WBE,0
A_1195_WBE,0
A_1196_WBE,0
A_1197_WBE,0
A_1198_WBE,0
A_1199_WBE,0
A_1200_WBE,0
A_1201_WBE,0
A_1202_WBE,0
A_1203_WBE,0
A_1204_WBE,0
A_1205_WBE,0
A_1206_WBE,0
A_1207_WBE,0
A_1208_WBE,0
A_1209_WBE,0
A_1210_WBE,0
A_1211_WBE,0
A_1212_WBE,0
A_1213_WBE,0
A_1214_WBE,0
A_1215_WBE,0
A_1216_WBE,0
A_1217_WBE,0
A_1218_WBE,0
A_1219_WBE,0
A_1220_WBE,0
A_1221_WBE,0
A_1222_WBE,0
A_1223_WBE,0
A_1224_WBE,0
A_1225_WBE,0
A_1226_WBE,0
A_1227_WBE,0
A_1228_WBE,0
A_1229_WBE,0
A_1230_WBE,0
A_1231_WBE,0
A_1232_WBE,0
A_1233_WBE,0
A_1234_WBE,0
A_1235_WBE,0
A_1236_WBE,0
A_1237_WBE,0
A_1238_WBE,0
A_1239_WBE,0
A_1240_WBE,0
A_1241_WBE,0
A_1242_WBE,0
A_1243_WBE,0
A_1244_WBE,0
A_1245_WBE,0
A_1246_WBE,0
A_1247_WBE,0
A_1248_WBE,0
A_1249_WBE,0
A_1250_WBE,0
A_1251_WBE,0
A_1252_WBE,0
A_1253_WBE,0
A_1254_WBE,0
A_1255_WBE,0
A_1256_WBE,0
A_1257_WBE,0
A_1258_WBE,0
A_1259_WBE,0
A_1260_WBE,0
A_1261_WBE,0
A_1262_WBE,0
A_1263_WBE,0
A_1264_WBE,0
A_1265_WBE,0
A_1266_WBE,0
A_1267_WBE,0
A_1268_WBE,0
A_1269_WBE,0
A_1270_WBE,0
A_1271_WBE,0
A_1272_WBE,0
A_1273_WBE,0
A_1274_WBE,0
A_1275_WBE,0
A_1276_WBE,0
A_1277_WBE,0
A_1278_WBE,0
A_1279_WBE,0
A_1280_WBE,0
A_1281_WBE,0
A_0_WBCW,0
A_1_WBCW,0
A_2_WBCW,0
A_3_WBCW,0
A_4_WBCW,0
A_5_WBCW,0
A_6_WBCW,0
A_7_WBCW,0
A_8_WBCW,0
A_9_WBCW,0
A_10_WBCW,0
A_11_WBCW,0
A_12_WBCW,0
A_13_WBCW,0
A_14_WBCW,0
A_15_WBCW,0
A_16_WBCW,0
A_17_WBCW,0
A_18_WBCW,0
A_19_WBCW,0
A_20_WBCW,0
A_21_WBCW,0
A_22_WBCW,0
A_23_WBCW,0
A_24_WBCW,0
A_25_WBCW,0
A_26_WBCW,0
A_27_WBCW,0
A_28_WBCW,0
A_29_WBCW,0
A_30_WBCW,0
A_31_WBCW,0
A_32_WBCW,0
A_33_WBCW,0
A_34_WBCW,0
A_35_WBCW,0
A_36_WBCW,0
A_37_WBCW,0
A_38_WBCW,0
A_39_WBCW,0
A_40_WBCW,0
A_41_WBCW,0
A_42_WBCW,0
A_43_WBCW,0
A_44_WBCW,0
A_45_WBCW,0
A_46_WBCW,0
A_47_WBCW,0
A_48_WBCW,0
A_49_WBCW,0
A_50_WBCW,0
A_51_WBCW,0
A_52_WBCW,0
A_53_WBCW,0
A_54_WBCW,0
A_55_WBCW,0
A_56_WBCW,0
A_57_WBCW,0
A_58_WBCW,0
A_59_WBCW,0
A_60_WBCW,0
A_61_WBCW,0
A_62_WBCW,0
A_63_WBCW,0
A_64_WBCW,0
A_65_WBCW,0
A_66_WBCW,0
A_67_WBCW,0
A_68_WBCW,0
A_69_WBCW,0
A_70_WBCW,0
A_71_WBCW,0
A_72_WBCW,0
A_73_WBCW,0
A_74_WBCW,0
A_75_WBCW,0
A_76_WBCW,0
A_77_WBCW,0
A_78_WBCW,0
A_79_WBCW,0
A_80_WBCW,0
A_81_WBCW,0
A_82_WBCW,0
A_83_WBCW,0
A_84_WBCW,0
A_85_WBCW,0
A_86_WBCW,0
A_87_WBCW,0
A_88_WBCW,0
A_89_WBCW,0
A_90_WBCW,0
A_91_WBCW,0
A_92_WBCW,0
A_93_WBCW,0
A_94_WBCW,0
A_95_WBCW,0
A_96_WBCW,0
A_97_WBCW,0
A_98_WBCW,0
A_99_WBCW,0
A_100_WBCW,0
A_101_WBCW,0
A_102_WBCW,0
A_103_WBCW,0
A_104_WBCW,0
A_105_WBCW,0
A_106_WBCW,0
A_107_WBCW,0
A_108_WBCW,0
A_109_WBCW,0
A_110_WBCW,0
A_111_WBCW,0
A_112_WBCW,0
A_113_WBCW,0
A_114_WBCW,0
A_115_WBCW,0
A_116_WBCW,0
A_117_WBCW,0
A_118_WBCW,0
A_119_WBCW,0
A_120_WBCW,0
A_121_WBCW,0
A_122_WBCW,0
A_123_WBCW,0
A_124_WBCW,0
A_125_WBCW,0
A_126_WBCW,0
A_127_WBCW,0
A_128_WBCW,0
A_129_WBCW,0
A_130_WBCW,0
A_131_WBCW,0
A_132_WBCW,0
A_133_WBCW,0
A_134_WBCW,0
A_135_WBCW,0
A_136_WBCW,0
A_137_WBCW,0
A_138_WBCW,0
A_139_WBCW,0
A_140_WBCW,0
A_141_WBCW,0
A_142_WBCW,0
A_143_WBCW,0
A_144_WBCW,0
A_145_WBCW,0
A_146_WBCW,0
A_147_WBCW,0
A_148_WBCW,0
A_149_WBCW,0
A_150_WBCW,0
A_151_WBCW,0
A_152_WBCW,0
A_153_WBCW,0
A_154_WBCW,0
A_155_WBCW,0
A_156_WBCW,0
A_157_WBCW,0
A_158_WBCW,0
A_159_WBCW,0
A_160_WBCW,0
A_161_WBCW,0
A_162_WBCW,0
A_163_WBCW,0
A_164_WBCW,0
A_165_WBCW,0
A_166_WBCW,0
A_167_WBCW,0
A_168_WBCW,0
A_169_WBCW,0
A_170_WBCW,0
A_171_WBCW,0
A_172_WBCW,0
A_173_WBCW,0
A_174_WBCW,0
A_175_WBCW,0
A_176_WBCW,0
A_177_WBCW,0
A_178_WBCW,0
A_179_WBCW,0
A_180_WBCW,0
A_181_WBCW,0
A_182_WBCW,0
A_183_WBCW,0
A_184_WBCW,0
A_185_WBCW,0
A_186_WBCW,0
A_187_WBCW,0
A_188_WBCW,0
A_189_WBCW,0
A_190_WBCW,0
A_191_WBCW,0
A_192_WBCW,0
A_193_WBCW,0
A_194_WBCW,0
A_195_WBCW,0
A_196_WBCW,0
A_197_WBCW,0
A_198_WBCW,0
A_199_WBCW,0
A_200_WBCW,0
A_201_WBCW,0
A_202_WBCW,0
A_203_WBCW,0
A_204_WBCW,0
A_205_WBCW,0
A_206_WBCW,0
A_207_WBCW,0
A_208_WBCW,0
A_209_WBCW,0
A_210_WBCW,0
A_211_WBCW,0
A_212_WBCW,0
A_213_WBCW,0
A_214_WBCW,0
A_215_WBCW,0
A_216_WBCW,0
A_217_WBCW,0
A_218_WBCW,0
A_219_WBCW,0
A_220_WBCW,0
A_221_WBCW,0
A_222_WBCW,0
A_223_WBCW,0
A_224_WBCW,0
A_225_WBCW,0
A_226_WBCW,0
A_227_WBCW,0
A_228_WBCW,0
A_229_WBCW,0
A_230_WBCW,0
A_231_WBCW,0
A_232_WBCW,0
A_233_WBCW,0
A_234_WBCW,0
A_235_WBCW,0
A_236_WBCW,0
A_237_WBCW,0
A_238_WBCW,0
A_239_WBCW,0
A_240_WBCW,0
A_241_WBCW,0
A_242_WBCW,0
A_243_WBCW,0
A_244_WBCW,0
A_245_WBCW,0
A_246_WBCW,0
A_247_WBCW,0
A_248_WBCW,0
A_249_WBCW,0
A_250_WBCW,0
A_251_WBCW,0
A_252_WBCW,0
A_253_WBCW,0
A_254_WBCW,0
A_255_WBCW,0
A_256_WBCW,0
A_257_WBCW,0
A_258_WBCW,0
A_259_WBCW,0
A_260_WBCW,0
A_261_WBCW,0
A_262_WBCW,0
A_263_WBCW,0
A_264_WBCW,0
A_265_WBCW,0
A_266_WBCW,0
A_267_WBCW,0
A_268_WBCW,0
A_269_WBCW,0
A_270_WBCW,0
A_271_WBCW,0
A_272_WBCW,0
A_273_WBCW,0
A_274_WBCW,0
A_275_WBCW,0
A_276_WBCW,0
A_277_WBCW,0
A_278_WBCW,0
A_279_WBCW,0
A_280_WBCW,0
A_281_WBCW,0
A_282_WBCW,0
A_283_WBCW,0
A_284_WBCW,0
A_285_WBCW,0
A_286_WBCW,0
A_287_WBCW,0
A_288_WBCW,0
A_289_WBCW,0
A_290_WBCW,0
A_291_WBCW,0
A_292_WBCW,0
A_293_WBCW,0
A_294_WBCW,0
A_295_WBCW,0
A_296_WBCW,0
A_297_WBCW,0
A_298_WBCW,0
A_299_WBCW,0
A_300_WBCW,0
A_301_WBCW,0
A_302_WBCW,0
A_303_WBCW,0
A_304_WBCW,0
A_305_WBCW,0
A_306_WBCW,0
A_307_WBCW,0
A_308_WBCW,0
A_309_WBCW,0
A_310_WBCW,0
A_311_WBCW,0
A_312_WBCW,0
A_313_WBCW,0
A_314_WBCW,0
A_315_WBCW,0
A_316_WBCW,0
A_317_WBCW,0
A_318_WBCW,0
A_319_WBCW,0
A_320_WBCW,0
A_321_WBCW,0
A_322_WBCW,0
A_323_WBCW,0
A_324_WBCW,0
A_325_WBCW,0
A_326_WBCW,0
A_327_WBCW,0
A_328_WBCW,0
A_329_WBCW,0
A_330_WBCW,0
A_331_WBCW,0
A_332_WBCW,0
A_333_WBCW,0
A_334_WBCW,0
A_335_WBCW,0
A_336_WBCW,0
A_337_WBCW,0
A_338_WBCW,0
A_339_WBCW,0
A_340_WBCW,0
A_341_WBCW,0
A_342_WBCW,0
A_343_WBCW,0
A_344_WBCW,0
A_345_WBCW,0
A_346_WBCW,0
A_347_WBCW,0
A_348_WBCW,0
A_349_WBCW,0
A_350_WBCW,0
A_351_WBCW,0
A_352_WBCW,0
A_353_WBCW,0
A_354_WBCW,0
A_355_WBCW,0
A_356_WBCW,0
A_357_WBCW,0
A_358_WBCW,0
A_359_WBCW,0
A_360_WBCW,0
A_361_WBCW,0
A_362_WBCW,0
A_363_WBCW,0
A_364_WBCW,0
A_365_WBCW,0
A_366_WBCW,0
A_367_WBCW,0
A_368_WBCW,0
A_369_WBCW,0
A_370_WBCW,0
A_371_WBCW,0
A_372_WBCW,0
A_373_WBCW,0
A_374_WBCW,0
A_375_WBCW,0
A_376_WBCW,0
A_377_WBCW,0
A_378_WBCW,0
A_379_WBCW,0
A_380_WBCW,0
A_381_WBCW,0
A_382_WBCW,0
A_383_WBCW,0
A_384_WBCW,0
A_385_WBCW,0
A_386_WBCW,0
A_387_WBCW,0
A_388_WBCW,0
A_389_WBCW,0
A_390_WBCW,0
A_391_WBCW,0
A_392_WBCW,0
A_393_WBCW,0
A_394_WBCW,0
A_395_WBCW,0
A_396_WBCW,0
A_397_WBCW,0
A_398_WBCW,0
A_399_WBCW,0
A_400_WBCW,0
A_401_WBCW,0
A_402_WBCW,0
A_403_WBCW,0
A_404_WBCW,0
A_405_WBCW,0
A_406_WBCW,0
A_407_WBCW,0
A_408_WBCW,0
A_409_WBCW,0
A_410_WBCW,0
A_411_WBCW,0
A_412_WBCW,0
A_413_WBCW,0
A_414_WBCW,0
A_415_WBCW,0
A_416_WBCW,0
A_417_WBCW,0
A_418_WBCW,0
A_419_WBCW,0
A_420_WBCW,0
A_421_WBCW,0
A_422_WBCW,0
A_423_WBCW,0
A_424_WBCW,0
A_425_WBCW,0
A_426_WBCW,0
A_427_WBCW,0
A_428_WBCW,0
A_429_WBCW,0
A_430_WBCW,0
A_431_WBCW,0
A_432_WBCW,0
A_433_WBCW,0
A_434_WBCW,0
A_435_WBCW,0
A_436_WBCW,0
A_437_WBCW,0
A_438_WBCW,0
A_439_WBCW,0
A_440_WBCW,0
A_441_WBCW,0
A_442_WBCW,0
A_443_WBCW,0
A_444_WBCW,0
A_445_WBCW,0
A_446_WBCW,0
A_447_WBCW,0
A_448_WBCW,0
A_449_WBCW,0
A_450_WBCW,0
A_451_WBCW,0
A_452_WBCW,0
A_453_WBCW,0
A_454_WBCW,0
A_455_WBCW,0
A_456_WBCW,0
A_457_WBCW,0
A_458_WBCW,0
A_459_WBCW,0
A_460_WBCW,0
A_461_WBCW,0
A_462_WBCW,0
A_463_WBCW,0
A_464_WBCW,0
A_465_WBCW,0
A_466_WBCW,0
A_467_WBCW,0
A_468_WBCW,0
A_469_WBCW,0
A_470_WBCW,0
A_471_WBCW,0
A_472_WBCW,0
A_473_WBCW,0
A_474_WBCW,0
A_475_WBCW,0
A_476_WBCW,0
A_477_WBCW,0
A_478_WBCW,0
A_479_WBCW,0
A_480_WBCW,0
A_481_WBCW,0
A_482_WBCW,0
A_483_WBCW,0
A_484_WBCW,0
A_485_WBCW,0
A_486_WBCW,0
A_487_WBCW,0
A_488_WBCW,0
A_489_WBCW,0
A_490_WBCW,0
A_491_WBCW,0
A_492_WBCW,0
A_493_WBCW,0
A_494_WBCW,0
A_495_WBCW,0
A_496_WBCW,0
A_497_WBCW,0
A_498_WBCW,0
A_499_WBCW,0
A_500_WBCW,0
A_501_WBCW,0
A_502_WBCW,0
A_503_WBCW,0
A_504_WBCW,0
A_505_WBCW,0
A_506_WBCW,0
A_507_WBCW,0
A_508_WBCW,0
A_509_WBCW,0
A_510_WBCW,0
A_511_WBCW,0
A_512_WBCW,0
A_513_WBCW,0
A_514_WBCW,0
A_515_WBCW,0
A_516_WBCW,0
A_517_WBCW,0
A_518_WBCW,0
A_519_WBCW,0
A_520_WBCW,0
A_521_WBCW,0
A_522_WBCW,0
A_523_WBCW,0
A_524_WBCW,0
A_525_WBCW,0
A_526_WBCW,0
A_527_WBCW,0
A_528_WBCW,0
A_529_WBCW,0
A_530_WBCW,0
A_531_WBCW,0
A_532_WBCW,0
A_533_WBCW,0
A_534_WBCW,0
A_535_WBCW,0
A_536_WBCW,0
A_537_WBCW,0
A_538_WBCW,0
A_539_WBCW,0
A_540_WBCW,0
A_541_WBCW,0
A_542_WBCW,0
A_543_WBCW,0
A_544_WBCW,0
A_545_WBCW,0
A_546_WBCW,0
A_547_WBCW,0
A_548_WBCW,0
A_549_WBCW,0
A_550_WBCW,0
A_551_WBCW,0
A_552_WBCW,0
A_553_WBCW,0
A_554_WBCW,0
A_555_WBCW,0
A_556_WBCW,0
A_557_WBCW,0
A_558_WBCW,0
A_559_WBCW,0
A_560_WBCW,0
A_561_WBCW,0
A_562_WBCW,0
A_563_WBCW,0
A_564_WBCW,0
A_565_WBCW,0
A_566_WBCW,0
A_567_WBCW,0
A_568_WBCW,0
A_569_WBCW,0
A_570_WBCW,0
A_571_WBCW,0
A_572_WBCW,0
A_573_WBCW,0
A_574_WBCW,0
A_575_WBCW,0
A_576_WBCW,0
A_577_WBCW,0
A_578_WBCW,0
A_579_WBCW,0
A_580_WBCW,0
A_581_WBCW,0
A_582_WBCW,0
A_583_WBCW,0
A_584_WBCW,0
A_585_WBCW,0
A_586_WBCW,0
A_587_WBCW,0
A_588_WBCW,0
A_589_WBCW,0
A_590_WBCW,0
A_591_WBCW,0
A_592_WBCW,0
A_593_WBCW,0
A_594_WBCW,0
A_595_WBCW,0
A_596_WBCW,0
A_597_WBCW,0
A_598_WBCW,0
A_599_WBCW,0
A_600_WBCW,0
A_601_WBCW,0
A_602_WBCW,0
A_603_WBCW,0
A_604_WBCW,0
A_605_WBCW,0
A_606_WBCW,0
A_607_WBCW,0
A_608_WBCW,0
A_609_WBCW,0
A_610_WBCW,0
A_611_WBCW,0
A_612_WBCW,0
A_613_WBCW,0
A_614_WBCW,0
A_615_WBCW,0
A_616_WBCW,0
A_617_WBCW,0
A_618_WBCW,0
A_619_WBCW,0
A_620_WBCW,0
A_621_WBCW,0
A_622_WBCW,0
A_623_WBCW,0
A_624_WBCW,0
A_625_WBCW,0
A_626_WBCW,0
A_627_WBCW,0
A_628_WBCW,0
A_629_WBCW,0
A_630_WBCW,0
A_631_WBCW,0
A_632_WBCW,0
A_633_WBCW,0
A_634_WBCW,0
A_635_WBCW,0
A_636_WBCW,0
A_637_WBCW,0
A_638_WBCW,0
A_639_WBCW,0
A_640_WBCW,0
A_641_WBCW,0
A_642_WBCW,0
A_643_WBCW,0
A_644_WBCW,0
A_645_WBCW,0
A_646_WBCW,0
A_647_WBCW,0
A_648_WBCW,0
A_649_WBCW,0
A_650_WBCW,0
A_651_WBCW,0
A_652_WBCW,0
A_653_WBCW,0
A_654_WBCW,0
A_655_WBCW,0
A_656_WBCW,0
A_657_WBCW,0
A_658_WBCW,0
A_659_WBCW,0
A_660_WBCW,0
A_661_WBCW,0
A_662_WBCW,0
A_663_WBCW,0
A_664_WBCW,0
A_665_WBCW,0
A_666_WBCW,0
A_667_WBCW,0
A_668_WBCW,0
A_669_WBCW,0
A_670_WBCW,0
A_671_WBCW,0
A_672_WBCW,0
A_673_WBCW,0
A_674_WBCW,0
A_675_WBCW,0
A_676_WBCW,0
A_677_WBCW,0
A_678_WBCW,0
A_679_WBCW,0
A_680_WBCW,0
A_681_WBCW,0
A_682_WBCW,0
A_683_WBCW,0
A_684_WBCW,0
A_685_WBCW,0
A_686_WBCW,0
A_687_WBCW,0
A_688_WBCW,0
A_689_WBCW,0
A_690_WBCW,0
A_691_WBCW,0
A_692_WBCW,0
A_693_WBCW,0
A_694_WBCW,0
A_695_WBCW,0
A_696_WBCW,0
A_697_WBCW,0
A_698_WBCW,0
A_699_WBCW,0
A_700_WBCW,0
A_701_WBCW,0
A_702_WBCW,0
A_703_WBCW,0
A_704_WBCW,0
A_705_WBCW,0
A_706_WBCW,0
A_707_WBCW,0
A_708_WBCW,0
A_709_WBCW,0
A_710_WBCW,0
A_711_WBCW,0
A_712_WBCW,0
A_713_WBCW,0
A_714_WBCW,0
A_715_WBCW,0
A_716_WBCW,0
A_717_WBCW,0
A_718_WBCW,0
A_719_WBCW,0
A_720_WBCW,0
A_721_WBCW,0
A_722_WBCW,0
A_723_WBCW,0
A_724_WBCW,0
A_725_WBCW,0
A_726_WBCW,0
A_727_WBCW,0
A_728_WBCW,0
A_729_WBCW,0
A_730_WBCW,0
A_731_WBCW,0
A_732_WBCW,0
A_733_WBCW,0
A_734_WBCW,0
A_735_WBCW,0
A_736_WBCW,0
A_737_WBCW,0
A_738_WBCW,0
A_739_WBCW,0
A_740_WBCW,0
A_741_WBCW,0
A_742_WBCW,0
A_743_WBCW,0
A_744_WBCW,0
A_745_WBCW,0
A_746_WBCW,0
A_747_WBCW,0
A_748_WBCW,0
A_749_WBCW,0
A_750_WBCW,0
A_751_WBCW,0
A_752_WBCW,0
A_753_WBCW,0
A_754_WBCW,0
A_755_WBCW,0
A_756_WBCW,0
A_757_WBCW,0
A_758_WBCW,0
A_759_WBCW,0
A_760_WBCW,0
A_761_WBCW,0
A_762_WBCW,0
A_763_WBCW,0
A_764_WBCW,0
A_765_WBCW,0
A_766_WBCW,0
A_767_WBCW,0
A_768_WBCW,0
A_769_WBCW,0
A_770_WBCW,0
A_771_WBCW,0
A_772_WBCW,0
A_773_WBCW,0
A_774_WBCW,0
A_775_WBCW,0
A_776_WBCW,0
A_777_WBCW,0
A_778_WBCW,0
A_779_WBCW,0
A_780_WBCW,0
A_781_WBCW,0
A_782_WBCW,0
A_783_WBCW,0
A_784_WBCW,0
A_785_WBCW,0
A_786_WBCW,0
A_787_WBCW,0
A_788_WBCW,0
A_789_WBCW,0
A_790_WBCW,0
A_791_WBCW,0
A_792_WBCW,0
A_793_WBCW,0
A_794_WBCW,0
A_795_WBCW,0
A_796_WBCW,0
A_797_WBCW,0
A_798_WBCW,0
A_799_WBCW,0
A_800_WBCW,0
A_801_WBCW,0
A_802_WBCW,0
A_803_WBCW,0
A_804_WBCW,0
A_805_WBCW,0
A_806_WBCW,0
A_807_WBCW,0
A_808_WBCW,0
A_809_WBCW,0
A_810_WBCW,0
A_811_WBCW,0
A_812_WBCW,0
A_813_WBCW,0
A_814_WBCW,0
A_815_WBCW,0
A_816_WBCW,0
A_817_WBCW,0
A_818_WBCW,0
A_819_WBCW,0
A_820_WBCW,0
A_821_WBCW,0
A_822_WBCW,0
A_823_WBCW,0
A_824_WBCW,0
A_825_WBCW,0
A_826_WBCW,0
A_827_WBCW,0
A_828_WBCW,0
A_829_WBCW,0
A_830_WBCW,0
A_831_WBCW,0
A_832_WBCW,0
A_833_WBCW,0
A_834_WBCW,0
A_835_WBCW,0
A_836_WBCW,0
A_837_WBCW,0
A_838_WBCW,0
A_839_WBCW,0
A_840_WBCW,0
A_841_WBCW,0
A_842_WBCW,0
A_843_WBCW,0
A_844_WBCW,0
A_845_WBCW,0
A_846_WBCW,0
A_847_WBCW,0
A_848_WBCW,0
A_849_WBCW,0
A_850_WBCW,0
A_851_WBCW,0
A_852_WBCW,0
A_853_WBCW,0
A_854_WBCW,0
A_855_WBCW,0
A_856_WBCW,0
A_857_WBCW,0
A_858_WBCW,0
A_859_WBCW,0
A_860_WBCW,0
A_861_WBCW,0
A_862_WBCW,0
A_863_WBCW,0
A_864_WBCW,0
A_865_WBCW,0
A_866_WBCW,0
A_867_WBCW,0
A_868_WBCW,0
A_869_WBCW,0
A_870_WBCW,0
A_871_WBCW,0
A_872_WBCW,0
A_873_WBCW,0
A_874_WBCW,0
A_875_WBCW,0
A_876_WBCW,0
A_877_WBCW,0
A_878_WBCW,0
A_879_WBCW,0
A_880_WBCW,0
A_881_WBCW,0
A_882_WBCW,0
A_883_WBCW,0
A_884_WBCW,0
A_885_WBCW,0
A_886_WBCW,0
A_887_WBCW,0
A_888_WBCW,0
A_889_WBCW,0
A_890_WBCW,0
A_891_WBCW,0
A_892_WBCW,0
A_893_WBCW,0
A_894_WBCW,0
A_895_WBCW,0
A_896_WBCW,0
A_897_WBCW,0
A_898_WBCW,0
A_899_WBCW,0
A_900_WBCW,0
A_901_WBCW,0
A_902_WBCW,0
A_903_WBCW,0
A_904_WBCW,0
A_905_WBCW,0
A_906_WBCW,0
A_907_WBCW,0
A_908_WBCW,0
A_909_WBCW,0
A_910_WBCW,0
A_911_WBCW,0
A_912_WBCW,0
A_913_WBCW,0
A_914_WBCW,0
A_915_WBCW,0
A_916_WBCW,0
A_917_WBCW,0
A_918_WBCW,0
A_919_WBCW,0
A_920_WBCW,0
A_921_WBCW,0
A_922_WBCW,0
A_923_WBCW,0
A_924_WBCW,0
A_925_WBCW,0
A_926_WBCW,0
A_927_WBCW,0
A_928_WBCW,0
A_929_WBCW,0
A_930_WBCW,0
A_931_WBCW,0
A_932_WBCW,0
A_933_WBCW,0
A_934_WBCW,0
A_935_WBCW,0
A_936_WBCW,0
A_937_WBCW,0
A_938_WBCW,0
A_939_WBCW,0
A_940_WBCW,0
A_941_WBCW,0
A_942_WBCW,0
A_943_WBCW,0
A_944_WBCW,0
A_945_WBCW,0
A_946_WBCW,0
A_947_WBCW,0
A_948_WBCW,0
A_949_WBCW,0
A_950_WBCW,0
A_951_WBCW,0
A_952_WBCW,0
A_953_WBCW,0
A_954_WBCW,0
A_955_WBCW,0
A_956_WBCW,0
A_957_WBCW,0
A_958_WBCW,0
A_959_WBCW,0
A_960_WBCW,0
A_961_WBCW,0
A_962_WBCW,0
A_963_WBCW,0
A_964_WBCW,0
A_965_WBCW,0
A_966_WBCW,0
A_967_WBCW,0
A_968_WBCW,0
A_969_WBCW,0
A_970_WBCW,0
A_971_WBCW,0
A_972_WBCW,0
A_973_WBCW,0
A_974_WBCW,0
A_975_WBCW,0
A_976_WBCW,0
A_977_WBCW,0
A_978_WBCW,0
A_979_WBCW,0
A_980_WBCW,0
A_981_WBCW,0
A_982_WBCW,0
A_983_WBCW,0
A_984_WBCW,0
A_985_WBCW,0
A_986_WBCW,0
A_987_WBCW,0
A_988_WBCW,0
A_989_WBCW,0
A_990_WBCW,0
A_991_WBCW,0
A_992_WBCW,0
A_993_WBCW,0
A_994_WBCW,0
A_995_WBCW,0
A_996_WBCW,0
A_997_WBCW,0
A_998_WBCW,0
A_999_WBCW,0
A_1000_WBCW,0
A_1001_WBCW,0
A_1002_WBCW,0
A_1003_WBCW,0
A_1004_WBCW,0
A_1005_WBCW,0
A_1006_WBCW,0
A_1007_WBCW,0
A_1008_WBCW,0
A_1009_WBCW,0
A_1010_WBCW,0
A_1011_WBCW,0
A_1012_WBCW,0
A_1013_WBCW,0
A_1014_WBCW,0
A_1015_WBCW,0
A_1016_WBCW,0
A_1017_WBCW,0
A_1018_WBCW,0
A_1019_WBCW,0
A_1020_WBCW,0
A_1021_WBCW,0
A_1022_WBCW,0
A_1023_WBCW,0
A_1024_WBCW,0
A_1025_WBCW,0
A_1026_WBCW,0
A_1027_WBCW,0
A_1028_WBCW,0
A_1029_WBCW,0
A_1030_WBCW,0
A_1031_WBCW,0
A_1032_WBCW,0
A_1033_WBCW,0
A_1034_WBCW,0
A_1035_WBCW,0
A_1036_WBCW,0
A_1037_WBCW,0
A_1038_WBCW,0
A_1039_WBCW,0
A_1040_WBCW,0
A_1041_WBCW,0
A_1042_WBCW,0
A_1043_WBCW,0
A_1044_WBCW,0
A_1045_WBCW,0
A_1046_WBCW,0
A_1047_WBCW,0
A_1048_WBCW,0
A_1049_WBCW,0
A_1050_WBCW,0
A_1051_WBCW,0
A_1052_WBCW,0
A_1053_WBCW,0
A_1054_WBCW,0
A_1055_WBCW,0
A_1056_WBCW,0
A_1057_WBCW,0
A_1058_WBCW,0
A_1059_WBCW,0
A_1060_WBCW,0
A_1061_WBCW,0
A_1062_WBCW,0
A_1063_WBCW,0
A_1064_WBCW,0
A_1065_WBCW,0
A_1066_WBCW,0
A_1067_WBCW,0
A_1068_WBCW,0
A_1069_WBCW,0
A_1070_WBCW,0
A_1071_WBCW,0
A_1072_WBCW,0
A_1073_WBCW,0
A_1074_WBCW,0
A_1075_WBCW,0
A_1076_WBCW,0
A_1077_WBCW,0
A_1078_WBCW,0
A_1079_WBCW,0
A_1080_WBCW,0
A_1081_WBCW,0
A_1082_WBCW,0
A_1083_WBCW,0
A_1084_WBCW,0
A_1085_WBCW,0
A_1086_WBCW,0
A_1087_WBCW,0
A_1088_WBCW,0
A_1089_WBCW,0
A_1090_WBCW,0
A_1091_WBCW,0
A_1092_WBCW,0
A_1093_WBCW,0
A_1094_WBCW,0
A_1095_WBCW,0
A_1096_WBCW,0
A_1097_WBCW,0
A_1098_WBCW,0
A_1099_WBCW,0
A_1100_WBCW,0
A_1101_WBCW,0
A_1102_WBCW,0
A_1103_WBCW,0
A_1104_WBCW,0
A_1105_WBCW,0
A_1106_WBCW,0
A_1107_WBCW,0
A_1108_WBCW,0
A_1109_WBCW,0
A_1110_WBCW,0
A_1111_WBCW,0
A_1112_WBCW,0
A_1113_WBCW,0
A_1114_WBCW,0
A_1115_WBCW,0
A_1116_WBCW,0
A_1117_WBCW,0
A_1118_WBCW,0
A_1119_WBCW,0
A_1120_WBCW,0
A_1121_WBCW,0
A_1122_WBCW,0
A_1123_WBCW,0
A_1124_WBCW,0
A_1125_WBCW,0
A_1126_WBCW,0
A_1127_WBCW,0
A_1128_WBCW,0
A_1129_WBCW,0
A_1130_WBCW,0
A_1131_WBCW,0
A_1132_WBCW,0
A_1133_WBCW,0
A_1134_WBCW,0
A_1135_WBCW,0
A_1136_WBCW,0
A_1137_WBCW,0
A_1138_WBCW,0
A_1139_WBCW,0
A_1140_WBCW,0
A_1141_WBCW,0
A_1142_WBCW,0
A_1143_WBCW,0
A_1144_WBCW,0
A_1145_WBCW,0
A_1146_WBCW,0
A_1147_WBCW,0
A_1148_WBCW,0
A_1149_WBCW,0
A_1150_WBCW,0
A_1151_WBCW,0
A_1152_WBCW,0
A_1153_WBCW,0
A_1154_WBCW,0
A_1155_WBCW,0
A_1156_WBCW,0
A_1157_WBCW,0
A_1158_WBCW,0
A_1159_WBCW,0
A_1160_WBCW,0
A_1161_WBCW,0
A_1162_WBCW,0
A_1163_WBCW,0
A_1164_WBCW,0
A_1165_WBCW,0
A_1166_WBCW,0
A_1167_WBCW,0
A_1168_WBCW,0
A_1169_WBCW,0
A_1170_WBCW,0
A_1171_WBCW,0
A_1172_WBCW,0
A_1173_WBCW,0
A_1174_WBCW,0
A_1175_WBCW,0
A_1176_WBCW,0
A_1177_WBCW,0
A_1178_WBCW,0
A_1179_WBCW,0
A_1180_WBCW,0
A_1181_WBCW,0
A_1182_WBCW,0
A_1183_WBCW,0
A_1184_WBCW,0
A_1185_WBCW,0
A_1186_WBCW,0
A_1187_WBCW,0
A_1188_WBCW,0
A_1189_WBCW,0
A_1190_WBCW,0
A_1191_WBCW,0
A_1192_WBCW,0
A_1193_WBCW,0
A_1194_WBCW,0
A_1195_WBCW,0
A_1196_WBCW,0
A_1197_WBCW,0
A_1198_WBCW,0
A_1199_WBCW,0
A_1200_WBCW,0
A_1201_WBCW,0
A_1202_WBCW,0
A_1203_WBCW,0
A_1204_WBCW,0
A_1205_WBCW,0
A_1206_WBCW,0
A_1207_WBCW,0
A_1208_WBCW,0
A_1209_WBCW,0
A_1210_WBCW,0
A_1211_WBCW,0
A_1212_WBCW,0
A_1213_WBCW,0
A_1214_WBCW,0
A_1215_WBCW,0
A_1216_WBCW,0
A_1217_WBCW,0
A_1218_WBCW,0
A_1219_WBCW,0
A_1220_WBCW,0
A_1221_WBCW,0
A_1222_WBCW,0
A_1223_WBCW,0
A_1224_WBCW,0
A_1225_WBCW,0
A_1226_WBCW,0
A_1227_WBCW,0
A_1228_WBCW,0
A_1229_WBCW,0
A_1230_WBCW,0
A_1231_WBCW,0
A_1232_WBCW,0
A_1233_WBCW,0
A_1234_WBCW,0
A_1235_WBCW,0
A_1236_WBCW,0
A_1237_WBCW,0
A_1238_WBCW,0
A_1239_WBCW,0
A_1240_WBCW,0
A_1241_WBCW,0
A_1242_WBCW,0
A_1243_WBCW,0
A_1244_WBCW,0
A_1245_WBCW,0
A_1246_WBCW,0
A_1247_WBCW,0
A_1248_WBCW,0
A_1249_WBCW,0
A_1250_WBCW,0
A_1251_WBCW,0
A_1252_WBCW,0
A_1253_WBCW,0
A_1254_WBCW,0
A_1255_WBCW,0
A_1256_WBCW,0
A_1257_WBCW,0
A_1258_WBCW,0
A_1259_WBCW,0
A_1260_WBCW,0
A_1261_WBCW,0
A_1262_WBCW,0
A_1263_WBCW,0
A_1264_WBCW,0
A_1265_WBCW,0
A_1266_WBCW,0
A_1267_WBCW,0
A_1268_WBCW,0
A_1269_WBCW,0
A_1270_WBCW,0
A_1271_WBCW,0
A_1272_WBCW,0
A_1273_WBCW,0
A_1274_WBCW,0
A_1275_WBCW,0
A_1276_WBCW,0
A_1277_WBCW,0
A_1278_WBCW,0
A_1279_WBCW,0
A_1280_WBCW,0
A_1281_WBCW,0
A_0_WBHW,0
A_1_WBHW,0
A_2_WBHW,0
A_3_WBHW,0
A_4_WBHW,0
A_5_WBHW,0
A_6_WBHW,0
A_7_WBHW,0
A_8_WBHW,0
A_9_WBHW,0
A_10_WBHW,0
A_11_WBHW,0
A_12_WBHW,0
A_13_WBHW,0
A_14_WBHW,0
A_15_WBHW,0
A_16_WBHW,0
A_17_WBHW,0
A_18_WBHW,0
A_19_WBHW,0
A_20_WBHW,0
A_21_WBHW,0
A_22_WBHW,0
A_23_WBHW,0
A_24_WBHW,0
A_25_WBHW,0
A_26_WBHW,0
A_27_WBHW,0
A_28_WBHW,0
A_29_WBHW,0
A_30_WBHW,0
A_31_WBHW,0
A_32_WBHW,0
A_33_WBHW,0
A_34_WBHW,0
A_35_WBHW,0
A_36_WBHW,0
A_37_WBHW,0
A_38_WBHW,0
A_39_WBHW,0
A_40_WBHW,0
A_41_WBHW,0
A_42_WBHW,0
A_43_WBHW,0
A_44_WBHW,0
A_45_WBHW,0
A_46_WBHW,0
A_47_WBHW,0
A_48_WBHW,0
A_49_WBHW,0
A_50_WBHW,0
A_51_WBHW,0
A_52_WBHW,0
A_53_WBHW,0
A_54_WBHW,0
A_55_WBHW,0
A_56_WBHW,0
A_57_WBHW,0
A_58_WBHW,0
A_59_WBHW,0
A_60_WBHW,0
A_61_WBHW,0
A_62_WBHW,0
A_63_WBHW,0
A_64_WBHW,0
A_65_WBHW,0
A_66_WBHW,0
A_67_WBHW,0
A_68_WBHW,0
A_69_WBHW,0
A_70_WBHW,0
A_71_WBHW,0
A_72_WBHW,0
A_73_WBHW,0
A_74_WBHW,0
A_75_WBHW,0
A_76_WBHW,0
A_77_WBHW,0
A_78_WBHW,0
A_79_WBHW,0
A_80_WBHW,0
A_81_WBHW,0
A_82_WBHW,0
A_83_WBHW,0
A_84_WBHW,0
A_85_WBHW,0
A_86_WBHW,0
A_87_WBHW,0
A_88_WBHW,0
A_89_WBHW,0
A_90_WBHW,0
A_91_WBHW,0
A_92_WBHW,0
A_93_WBHW,0
A_94_WBHW,0
A_95_WBHW,0
A_96_WBHW,0
A_97_WBHW,0
A_98_WBHW,0
A_99_WBHW,0
A_100_WBHW,0
A_101_WBHW,0
A_102_WBHW,0
A_103_WBHW,0
A_104_WBHW,0
A_105_WBHW,0
A_106_WBHW,0
A_107_WBHW,0
A_108_WBHW,0
A_109_WBHW,0
A_110_WBHW,0
A_111_WBHW,0
A_112_WBHW,0
A_113_WBHW,0
A_114_WBHW,0
A_115_WBHW,0
A_116_WBHW,0
A_117_WBHW,0
A_118_WBHW,0
A_119_WBHW,0
A_120_WBHW,0
A_121_WBHW,0
A_122_WBHW,0
A_123_WBHW,0
A_124_WBHW,0
A_125_WBHW,0
A_126_WBHW,0
A_127_WBHW,0
A_128_WBHW,0
A_129_WBHW,0
A_130_WBHW,0
A_131_WBHW,0
A_132_WBHW,0
A_133_WBHW,0
A_134_WBHW,0
A_135_WBHW,0
A_136_WBHW,0
A_137_WBHW,0
A_138_WBHW,0
A_139_WBHW,0
A_140_WBHW,0
A_141_WBHW,0
A_142_WBHW,0
A_143_WBHW,0
A_144_WBHW,0
A_145_WBHW,0
A_146_WBHW,0
A_147_WBHW,0
A_148_WBHW,0
A_149_WBHW,0
A_150_WBHW,0
A_151_WBHW,0
A_152_WBHW,0
A_153_WBHW,0
A_154_WBHW,0
A_155_WBHW,0
A_156_WBHW,0
A_157_WBHW,0
A_158_WBHW,0
A_159_WBHW,0
A_160_WBHW,0
A_161_WBHW,0
A_162_WBHW,0
A_163_WBHW,0
A_164_WBHW,0
A_165_WBHW,0
A_166_WBHW,0
A_167_WBHW,0
A_168_WBHW,0
A_169_WBHW,0
A_170_WBHW,0
A_171_WBHW,0
A_172_WBHW,0
A_173_WBHW,0
A_174_WBHW,0
A_175_WBHW,0
A_176_WBHW,0
A_177_WBHW,0
A_178_WBHW,0
A_179_WBHW,0
A_180_WBHW,0
A_181_WBHW,0
A_182_WBHW,0
A_183_WBHW,0
A_184_WBHW,0
A_185_WBHW,0
A_186_WBHW,0
A_187_WBHW,0
A_188_WBHW,0
A_189_WBHW,0
A_190_WBHW,0
A_191_WBHW,0
A_192_WBHW,0
A_193_WBHW,0
A_194_WBHW,0
A_195_WBHW,0
A_196_WBHW,0
A_197_WBHW,0
A_198_WBHW,0
A_199_WBHW,0
A_200_WBHW,0
A_201_WBHW,0
A_202_WBHW,0
A_203_WBHW,0
A_204_WBHW,0
A_205_WBHW,0
A_206_WBHW,0
A_207_WBHW,0
A_208_WBHW,0
A_209_WBHW,0
A_210_WBHW,0
A_211_WBHW,0
A_212_WBHW,0
A_213_WBHW,0
A_214_WBHW,0
A_215_WBHW,0
A_216_WBHW,0
A_217_WBHW,0
A_218_WBHW,0
A_219_WBHW,0
A_220_WBHW,0
A_221_WBHW,0
A_222_WBHW,0
A_223_WBHW,0
A_224_WBHW,0
A_225_WBHW,0
A_226_WBHW,0
A_227_WBHW,0
A_228_WBHW,0
A_229_WBHW,0
A_230_WBHW,0
A_231_WBHW,0
A_232_WBHW,0
A_233_WBHW,0
A_234_WBHW,0
A_235_WBHW,0
A_236_WBHW,0
A_237_WBHW,0
A_238_WBHW,0
A_239_WBHW,0
A_240_WBHW,0
A_241_WBHW,0
A_242_WBHW,0
A_243_WBHW,0
A_244_WBHW,0
A_245_WBHW,0
A_246_WBHW,0
A_247_WBHW,0
A_248_WBHW,0
A_249_WBHW,0
A_250_WBHW,0
A_251_WBHW,0
A_252_WBHW,0
A_253_WBHW,0
A_254_WBHW,0
A_255_WBHW,0
A_256_WBHW,0
A_257_WBHW,0
A_258_WBHW,0
A_259_WBHW,0
A_260_WBHW,0
A_261_WBHW,0
A_262_WBHW,0
A_263_WBHW,0
A_264_WBHW,0
A_265_WBHW,0
A_266_WBHW,0
A_267_WBHW,0
A_268_WBHW,0
A_269_WBHW,0
A_270_WBHW,0
A_271_WBHW,0
A_272_WBHW,0
A_273_WBHW,0
A_274_WBHW,0
A_275_WBHW,0
A_276_WBHW,0
A_277_WBHW,0
A_278_WBHW,0
A_279_WBHW,0
A_280_WBHW,0
A_281_WBHW,0
A_282_WBHW,0
A_283_WBHW,0
A_284_WBHW,0
A_285_WBHW,0
A_286_WBHW,0
A_287_WBHW,0
A_288_WBHW,0
A_289_WBHW,0
A_290_WBHW,0
A_291_WBHW,0
A_292_WBHW,0
A_293_WBHW,0
A_294_WBHW,0
A_295_WBHW,0
A_296_WBHW,0
A_297_WBHW,0
A_298_WBHW,0
A_299_WBHW,0
A_300_WBHW,0
A_301_WBHW,0
A_302_WBHW,0
A_303_WBHW,0
A_304_WBHW,0
A_305_WBHW,0
A_306_WBHW,0
A_307_WBHW,0
A_308_WBHW,0
A_309_WBHW,0
A_310_WBHW,0
A_311_WBHW,0
A_312_WBHW,0
A_313_WBHW,0
A_314_WBHW,0
A_315_WBHW,0
A_316_WBHW,0
A_317_WBHW,0
A_318_WBHW,0
A_319_WBHW,0
A_320_WBHW,0
A_321_WBHW,0
A_322_WBHW,0
A_323_WBHW,0
A_324_WBHW,0
A_325_WBHW,0
A_326_WBHW,0
A_327_WBHW,0
A_328_WBHW,0
A_329_WBHW,0
A_330_WBHW,0
A_331_WBHW,0
A_332_WBHW,0
A_333_WBHW,0
A_334_WBHW,0
A_335_WBHW,0
A_336_WBHW,0
A_337_WBHW,0
A_338_WBHW,0
A_339_WBHW,0
A_340_WBHW,0
A_341_WBHW,0
A_342_WBHW,0
A_343_WBHW,0
A_344_WBHW,0
A_345_WBHW,0
A_346_WBHW,0
A_347_WBHW,0
A_348_WBHW,0
A_349_WBHW,0
A_350_WBHW,0
A_351_WBHW,0
A_352_WBHW,0
A_353_WBHW,0
A_354_WBHW,0
A_355_WBHW,0
A_356_WBHW,0
A_357_WBHW,0
A_358_WBHW,0
A_359_WBHW,0
A_360_WBHW,0
A_361_WBHW,0
A_362_WBHW,0
A_363_WBHW,0
A_364_WBHW,0
A_365_WBHW,0
A_366_WBHW,0
A_367_WBHW,0
A_368_WBHW,0
A_369_WBHW,0
A_370_WBHW,0
A_371_WBHW,0
A_372_WBHW,0
A_373_WBHW,0
A_374_WBHW,0
A_375_WBHW,0
A_376_WBHW,0
A_377_WBHW,0
A_378_WBHW,0
A_379_WBHW,0
A_380_WBHW,0
A_381_WBHW,0
A_382_WBHW,0
A_383_WBHW,0
A_384_WBHW,0
A_385_WBHW,0
A_386_WBHW,0
A_387_WBHW,0
A_388_WBHW,0
A_389_WBHW,0
A_390_WBHW,0
A_391_WBHW,0
A_392_WBHW,0
A_393_WBHW,0
A_394_WBHW,0
A_395_WBHW,0
A_396_WBHW,0
A_397_WBHW,0
A_398_WBHW,0
A_399_WBHW,0
A_400_WBHW,0
A_401_WBHW,0
A_402_WBHW,0
A_403_WBHW,0
A_404_WBHW,0
A_405_WBHW,0
A_406_WBHW,0
A_407_WBHW,0
A_408_WBHW,0
A_409_WBHW,0
A_410_WBHW,0
A_411_WBHW,0
A_412_WBHW,0
A_413_WBHW,0
A_414_WBHW,0
A_415_WBHW,0
A_416_WBHW,0
A_417_WBHW,0
A_418_WBHW,0
A_419_WBHW,0
A_420_WBHW,0
A_421_WBHW,0
A_422_WBHW,0
A_423_WBHW,0
A_424_WBHW,0
A_425_WBHW,0
A_426_WBHW,0
A_427_WBHW,0
A_428_WBHW,0
A_429_WBHW,0
A_430_WBHW,0
A_431_WBHW,0
A_432_WBHW,0
A_433_WBHW,0
A_434_WBHW,0
A_435_WBHW,0
A_436_WBHW,0
A_437_WBHW,0
A_438_WBHW,0
A_439_WBHW,0
A_440_WBHW,0
A_441_WBHW,0
A_442_WBHW,0
A_443_WBHW,0
A_444_WBHW,0
A_445_WBHW,0
A_446_WBHW,0
A_447_WBHW,0
A_448_WBHW,0
A_449_WBHW,0
A_450_WBHW,0
A_451_WBHW,0
A_452_WBHW,0
A_453_WBHW,0
A_454_WBHW,0
A_455_WBHW,0
A_456_WBHW,0
A_457_WBHW,0
A_458_WBHW,0
A_459_WBHW,0
A_460_WBHW,0
A_461_WBHW,0
A_462_WBHW,0
A_463_WBHW,0
A_464_WBHW,0
A_465_WBHW,0
A_466_WBHW,0
A_467_WBHW,0
A_468_WBHW,0
A_469_WBHW,0
A_470_WBHW,0
A_471_WBHW,0
A_472_WBHW,0
A_473_WBHW,0
A_474_WBHW,0
A_475_WBHW,0
A_476_WBHW,0
A_477_WBHW,0
A_478_WBHW,0
A_479_WBHW,0
A_480_WBHW,0
A_481_WBHW,0
A_482_WBHW,0
A_483_WBHW,0
A_484_WBHW,0
A_485_WBHW,0
A_486_WBHW,0
A_487_WBHW,0
A_488_WBHW,0
A_489_WBHW,0
A_490_WBHW,0
A_491_WBHW,0
A_492_WBHW,0
A_493_WBHW,0
A_494_WBHW,0
A_495_WBHW,0
A_496_WBHW,0
A_497_WBHW,0
A_498_WBHW,0
A_499_WBHW,0
A_500_WBHW,0
A_501_WBHW,0
A_502_WBHW,0
A_503_WBHW,0
A_504_WBHW,0
A_505_WBHW,0
A_506_WBHW,0
A_507_WBHW,0
A_508_WBHW,0
A_509_WBHW,0
A_510_WBHW,0
A_511_WBHW,0
A_512_WBHW,0
A_513_WBHW,0
A_514_WBHW,0
A_515_WBHW,0
A_516_WBHW,0
A_517_WBHW,0
A_518_WBHW,0
A_519_WBHW,0
A_520_WBHW,0
A_521_WBHW,0
A_522_WBHW,0
A_523_WBHW,0
A_524_WBHW,0
A_525_WBHW,0
A_526_WBHW,0
A_527_WBHW,0
A_528_WBHW,0
A_529_WBHW,0
A_530_WBHW,0
A_531_WBHW,0
A_532_WBHW,0
A_533_WBHW,0
A_534_WBHW,0
A_535_WBHW,0
A_536_WBHW,0
A_537_WBHW,0
A_538_WBHW,0
A_539_WBHW,0
A_540_WBHW,0
A_541_WBHW,0
A_542_WBHW,0
A_543_WBHW,0
A_544_WBHW,0
A_545_WBHW,0
A_546_WBHW,0
A_547_WBHW,0
A_548_WBHW,0
A_549_WBHW,0
A_550_WBHW,0
A_551_WBHW,0
A_552_WBHW,0
A_553_WBHW,0
A_554_WBHW,0
A_555_WBHW,0
A_556_WBHW,0
A_557_WBHW,0
A_558_WBHW,0
A_559_WBHW,0
A_560_WBHW,0
A_561_WBHW,0
A_562_WBHW,0
A_563_WBHW,0
A_564_WBHW,0
A_565_WBHW,0
A_566_WBHW,0
A_567_WBHW,0
A_568_WBHW,0
A_569_WBHW,0
A_570_WBHW,0
A_571_WBHW,0
A_572_WBHW,0
A_573_WBHW,0
A_574_WBHW,0
A_575_WBHW,0
A_576_WBHW,0
A_577_WBHW,0
A_578_WBHW,0
A_579_WBHW,0
A_580_WBHW,0
A_581_WBHW,0
A_582_WBHW,0
A_583_WBHW,0
A_584_WBHW,0
A_585_WBHW,0
A_586_WBHW,0
A_587_WBHW,0
A_588_WBHW,0
A_589_WBHW,0
A_590_WBHW,0
A_591_WBHW,0
A_592_WBHW,0
A_593_WBHW,0
A_594_WBHW,0
A_595_WBHW,0
A_596_WBHW,0
A_597_WBHW,0
A_598_WBHW,0
A_599_WBHW,0
A_600_WBHW,0
A_601_WBHW,0
A_602_WBHW,0
A_603_WBHW,0
A_604_WBHW,0
A_605_WBHW,0
A_606_WBHW,0
A_607_WBHW,0
A_608_WBHW,0
A_609_WBHW,0
A_610_WBHW,0
A_611_WBHW,0
A_612_WBHW,0
A_613_WBHW,0
A_614_WBHW,0
A_615_WBHW,0
A_616_WBHW,0
A_617_WBHW,0
A_618_WBHW,0
A_619_WBHW,0
A_620_WBHW,0
A_621_WBHW,0
A_622_WBHW,0
A_623_WBHW,0
A_624_WBHW,0
A_625_WBHW,0
A_626_WBHW,0
A_627_WBHW,0
A_628_WBHW,0
A_629_WBHW,0
A_630_WBHW,0
A_631_WBHW,0
A_632_WBHW,0
A_633_WBHW,0
A_634_WBHW,0
A_635_WBHW,0
A_636_WBHW,0
A_637_WBHW,0
A_638_WBHW,0
A_639_WBHW,0
A_640_WBHW,0
A_641_WBHW,0
A_642_WBHW,0
A_643_WBHW,0
A_644_WBHW,0
A_645_WBHW,0
A_646_WBHW,0
A_647_WBHW,0
A_648_WBHW,0
A_649_WBHW,0
A_650_WBHW,0
A_651_WBHW,0
A_652_WBHW,0
A_653_WBHW,0
A_654_WBHW,0
A_655_WBHW,0
A_656_WBHW,0
A_657_WBHW,0
A_658_WBHW,0
A_659_WBHW,0
A_660_WBHW,0
A_661_WBHW,0
A_662_WBHW,0
A_663_WBHW,0
A_664_WBHW,0
A_665_WBHW,0
A_666_WBHW,0
A_667_WBHW,0
A_668_WBHW,0
A_669_WBHW,0
A_670_WBHW,0
A_671_WBHW,0
A_672_WBHW,0
A_673_WBHW,0
A_674_WBHW,0
A_675_WBHW,0
A_676_WBHW,0
A_677_WBHW,0
A_678_WBHW,0
A_679_WBHW,0
A_680_WBHW,0
A_681_WBHW,0
A_682_WBHW,0
A_683_WBHW,0
A_684_WBHW,0
A_685_WBHW,0
A_686_WBHW,0
A_687_WBHW,0
A_688_WBHW,0
A_689_WBHW,0
A_690_WBHW,0
A_691_WBHW,0
A_692_WBHW,0
A_693_WBHW,0
A_694_WBHW,0
A_695_WBHW,0
A_696_WBHW,0
A_697_WBHW,0
A_698_WBHW,0
A_699_WBHW,0
A_700_WBHW,0
A_701_WBHW,0
A_702_WBHW,0
A_703_WBHW,0
A_704_WBHW,0
A_705_WBHW,0
A_706_WBHW,0
A_707_WBHW,0
A_708_WBHW,0
A_709_WBHW,0
A_710_WBHW,0
A_711_WBHW,0
A_712_WBHW,0
A_713_WBHW,0
A_714_WBHW,0
A_715_WBHW,0
A_716_WBHW,0
A_717_WBHW,0
A_718_WBHW,0
A_719_WBHW,0
A_720_WBHW,0
A_721_WBHW,0
A_722_WBHW,0
A_723_WBHW,0
A_724_WBHW,0
A_725_WBHW,0
A_726_WBHW,0
A_727_WBHW,0
A_728_WBHW,0
A_729_WBHW,0
A_730_WBHW,0
A_731_WBHW,0
A_732_WBHW,0
A_733_WBHW,0
A_734_WBHW,0
A_735_WBHW,0
A_736_WBHW,0
A_737_WBHW,0
A_738_WBHW,0
A_739_WBHW,0
A_740_WBHW,0
A_741_WBHW,0
A_742_WBHW,0
A_743_WBHW,0
A_744_WBHW,0
A_745_WBHW,0
A_746_WBHW,0
A_747_WBHW,0
A_748_WBHW,0
A_749_WBHW,0
A_750_WBHW,0
A_751_WBHW,0
A_752_WBHW,0
A_753_WBHW,0
A_754_WBHW,0
A_755_WBHW,0
A_756_WBHW,0
A_757_WBHW,0
A_758_WBHW,0
A_759_WBHW,0
A_760_WBHW,0
A_761_WBHW,0
A_762_WBHW,0
A_763_WBHW,0
A_764_WBHW,0
A_765_WBHW,0
A_766_WBHW,0
A_767_WBHW,0
A_768_WBHW,0
A_769_WBHW,0
A_770_WBHW,0
A_771_WBHW,0
A_772_WBHW,0
A_773_WBHW,0
A_774_WBHW,0
A_775_WBHW,0
A_776_WBHW,0
A_777_WBHW,0
A_778_WBHW,0
A_779_WBHW,0
A_780_WBHW,0
A_781_WBHW,0
A_782_WBHW,0
A_783_WBHW,0
A_784_WBHW,0
A_785_WBHW,0
A_786_WBHW,0
A_787_WBHW,0
A_788_WBHW,0
A_789_WBHW,0
A_790_WBHW,0
A_791_WBHW,0
A_792_WBHW,0
A_793_WBHW,0
A_794_WBHW,0
A_795_WBHW,0
A_796_WBHW,0
A_797_WBHW,0
A_798_WBHW,0
A_799_WBHW,0
A_800_WBHW,0
A_801_WBHW,0
A_802_WBHW,0
A_803_WBHW,0
A_804_WBHW,0
A_805_WBHW,0
A_806_WBHW,0
A_807_WBHW,0
A_808_WBHW,0
A_809_WBHW,0
A_810_WBHW,0
A_811_WBHW,0
A_812_WBHW,0
A_813_WBHW,0
A_814_WBHW,0
A_815_WBHW,0
A_816_WBHW,0
A_817_WBHW,0
A_818_WBHW,0
A_819_WBHW,0
A_820_WBHW,0
A_821_WBHW,0
A_822_WBHW,0
A_823_WBHW,0
A_824_WBHW,0
A_825_WBHW,0
A_826_WBHW,0
A_827_WBHW,0
A_828_WBHW,0
A_829_WBHW,0
A_830_WBHW,0
A_831_WBHW,0
A_832_WBHW,0
A_833_WBHW,0
A_834_WBHW,0
A_835_WBHW,0
A_836_WBHW,0
A_837_WBHW,0
A_838_WBHW,0
A_839_WBHW,0
A_840_WBHW,0
A_841_WBHW,0
A_842_WBHW,0
A_843_WBHW,0
A_844_WBHW,0
A_845_WBHW,0
A_846_WBHW,0
A_847_WBHW,0
A_848_WBHW,0
A_849_WBHW,0
A_850_WBHW,0
A_851_WBHW,0
A_852_WBHW,0
A_853_WBHW,0
A_854_WBHW,0
A_855_WBHW,0
A_856_WBHW,0
A_857_WBHW,0
A_858_WBHW,0
A_859_WBHW,0
A_860_WBHW,0
A_861_WBHW,0
A_862_WBHW,0
A_863_WBHW,0
A_864_WBHW,0
A_865_WBHW,0
A_866_WBHW,0
A_867_WBHW,0
A_868_WBHW,0
A_869_WBHW,0
A_870_WBHW,0
A_871_WBHW,0
A_872_WBHW,0
A_873_WBHW,0
A_874_WBHW,0
A_875_WBHW,0
A_876_WBHW,0
A_877_WBHW,0
A_878_WBHW,0
A_879_WBHW,0
A_880_WBHW,0
A_881_WBHW,0
A_882_WBHW,0
A_883_WBHW,0
A_884_WBHW,0
A_885_WBHW,0
A_886_WBHW,0
A_887_WBHW,0
A_888_WBHW,0
A_889_WBHW,0
A_890_WBHW,0
A_891_WBHW,0
A_892_WBHW,0
A_893_WBHW,0
A_894_WBHW,0
A_895_WBHW,0
A_896_WBHW,0
A_897_WBHW,0
A_898_WBHW,0
A_899_WBHW,0
A_900_WBHW,0
A_901_WBHW,0
A_902_WBHW,0
A_903_WBHW,0
A_904_WBHW,0
A_905_WBHW,0
A_906_WBHW,0
A_907_WBHW,0
A_908_WBHW,0
A_909_WBHW,0
A_910_WBHW,0
A_911_WBHW,0
A_912_WBHW,0
A_913_WBHW,0
A_914_WBHW,0
A_915_WBHW,0
A_916_WBHW,0
A_917_WBHW,0
A_918_WBHW,0
A_919_WBHW,0
A_920_WBHW,0
A_921_WBHW,0
A_922_WBHW,0
A_923_WBHW,0
A_924_WBHW,0
A_925_WBHW,0
A_926_WBHW,0
A_927_WBHW,0
A_928_WBHW,0
A_929_WBHW,0
A_930_WBHW,0
A_931_WBHW,0
A_932_WBHW,0
A_933_WBHW,0
A_934_WBHW,0
A_935_WBHW,0
A_936_WBHW,0
A_937_WBHW,0
A_938_WBHW,0
A_939_WBHW,0
A_940_WBHW,0
A_941_WBHW,0
A_942_WBHW,0
A_943_WBHW,0
A_944_WBHW,0
A_945_WBHW,0
A_946_WBHW,0
A_947_WBHW,0
A_948_WBHW,0
A_949_WBHW,0
A_950_WBHW,0
A_951_WBHW,0
A_952_WBHW,0
A_953_WBHW,0
A_954_WBHW,0
A_955_WBHW,0
A_956_WBHW,0
A_957_WBHW,0
A_958_WBHW,0
A_959_WBHW,0
A_960_WBHW,0
A_961_WBHW,0
A_962_WBHW,0
A_963_WBHW,0
A_964_WBHW,0
A_965_WBHW,0
A_966_WBHW,0
A_967_WBHW,0
A_968_WBHW,0
A_969_WBHW,0
A_970_WBHW,0
A_971_WBHW,0
A_972_WBHW,0
A_973_WBHW,0
A_974_WBHW,0
A_975_WBHW,0
A_976_WBHW,0
A_977_WBHW,0
A_978_WBHW,0
A_979_WBHW,0
A_980_WBHW,0
A_981_WBHW,0
A_982_WBHW,0
A_983_WBHW,0
A_984_WBHW,0
A_985_WBHW,0
A_986_WBHW,0
A_987_WBHW,0
A_988_WBHW,0
A_989_WBHW,0
A_990_WBHW,0
A_991_WBHW,0
A_992_WBHW,0
A_993_WBHW,0
A_994_WBHW,0
A_995_WBHW,0
A_996_WBHW,0
A_997_WBHW,0
A_998_WBHW,0
A_999_WBHW,0
A_1000_WBHW,0
A_1001_WBHW,0
A_1002_WBHW,0
A_1003_WBHW,0
A_1004_WBHW,0
A_1005_WBHW,0
A_1006_WBHW,0
A_1007_WBHW,0
A_1008_WBHW,0
A_1009_WBHW,0
A_1010_WBHW,0
A_1011_WBHW,0
A_1012_WBHW,0
A_1013_WBHW,0
A_1014_WBHW,0
A_1015_WBHW,0
A_1016_WBHW,0
A_1017_WBHW,0
A_1018_WBHW,0
A_1019_WBHW,0
A_1020_WBHW,0
A_1021_WBHW,0
A_1022_WBHW,0
A_1023_WBHW,0
A_1024_WBHW,0
A_1025_WBHW,0
A_1026_WBHW,0
A_1027_WBHW,0
A_1028_WBHW,0
A_1029_WBHW,0
A_1030_WBHW,0
A_1031_WBHW,0
A_1032_WBHW,0
A_1033_WBHW,0
A_1034_WBHW,0
A_1035_WBHW,0
A_1036_WBHW,0
A_1037_WBHW,0
A_1038_WBHW,0
A_1039_WBHW,0
A_1040_WBHW,0
A_1041_WBHW,0
A_1042_WBHW,0
A_1043_WBHW,0
A_1044_WBHW,0
A_1045_WBHW,0
A_1046_WBHW,0
A_1047_WBHW,0
A_1048_WBHW,0
A_1049_WBHW,0
A_1050_WBHW,0
A_1051_WBHW,0
A_1052_WBHW,0
A_1053_WBHW,0
A_1054_WBHW,0
A_1055_WBHW,0
A_1056_WBHW,0
A_1057_WBHW,0
A_1058_WBHW,0
A_1059_WBHW,0
A_1060_WBHW,0
A_1061_WBHW,0
A_1062_WBHW,0
A_1063_WBHW,0
A_1064_WBHW,0
A_1065_WBHW,0
A_1066_WBHW,0
A_1067_WBHW,0
A_1068_WBHW,0
A_1069_WBHW,0
A_1070_WBHW,0
A_1071_WBHW,0
A_1072_WBHW,0
A_1073_WBHW,0
A_1074_WBHW,0
A_1075_WBHW,0
A_1076_WBHW,0
A_1077_WBHW,0
A_1078_WBHW,0
A_1079_WBHW,0
A_1080_WBHW,0
A_1081_WBHW,0
A_1082_WBHW,0
A_1083_WBHW,0
A_1084_WBHW,0
A_1085_WBHW,0
A_1086_WBHW,0
A_1087_WBHW,0
A_1088_WBHW,0
A_1089_WBHW,0
A_1090_WBHW,0
A_1091_WBHW,0
A_1092_WBHW,0
A_1093_WBHW,0
A_1094_WBHW,0
A_1095_WBHW,0
A_1096_WBHW,0
A_1097_WBHW,0
A_1098_WBHW,0
A_1099_WBHW,0
A_1100_WBHW,0
A_1101_WBHW,0
A_1102_WBHW,0
A_1103_WBHW,0
A_1104_WBHW,0
A_1105_WBHW,0
A_1106_WBHW,0
A_1107_WBHW,0
A_1108_WBHW,0
A_1109_WBHW,0
A_1110_WBHW,0
A_1111_WBHW,0
A_1112_WBHW,0
A_1113_WBHW,0
A_1114_WBHW,0
A_1115_WBHW,0
A_1116_WBHW,0
A_1117_WBHW,0
A_1118_WBHW,0
A_1119_WBHW,0
A_1120_WBHW,0
A_1121_WBHW,0
A_1122_WBHW,0
A_1123_WBHW,0
A_1124_WBHW,0
A_1125_WBHW,0
A_1126_WBHW,0
A_1127_WBHW,0
A_1128_WBHW,0
A_1129_WBHW,0
A_1130_WBHW,0
A_1131_WBHW,0
A_1132_WBHW,0
A_1133_WBHW,0
A_1134_WBHW,0
A_1135_WBHW,0
A_1136_WBHW,0
A_1137_WBHW,0
A_1138_WBHW,0
A_1139_WBHW,0
A_1140_WBHW,0
A_1141_WBHW,0
A_1142_WBHW,0
A_1143_WBHW,0
A_1144_WBHW,0
A_1145_WBHW,0
A_1146_WBHW,0
A_1147_WBHW,0
A_1148_WBHW,0
A_1149_WBHW,0
A_1150_WBHW,0
A_1151_WBHW,0
A_1152_WBHW,0
A_1153_WBHW,0
A_1154_WBHW,0
A_1155_WBHW,0
A_1156_WBHW,0
A_1157_WBHW,0
A_1158_WBHW,0
A_1159_WBHW,0
A_1160_WBHW,0
A_1161_WBHW,0
A_1162_WBHW,0
A_1163_WBHW,0
A_1164_WBHW,0
A_1165_WBHW,0
A_1166_WBHW,0
A_1167_WBHW,0
A_1168_WBHW,0
A_1169_WBHW,0
A_1170_WBHW,0
A_1171_WBHW,0
A_1172_WBHW,0
A_1173_WBHW,0
A_1174_WBHW,0
A_1175_WBHW,0
A_1176_WBHW,0
A_1177_WBHW,0
A_1178_WBHW,0
A_1179_WBHW,0
A_1180_WBHW,0
A_1181_WBHW,0
A_1182_WBHW,0
A_1183_WBHW,0
A_1184_WBHW,0
A_1185_WBHW,0
A_1186_WBHW,0
A_1187_WBHW,0
A_1188_WBHW,0
A_1189_WBHW,0
A_1190_WBHW,0
A_1191_WBHW,0
A_1192_WBHW,0
A_1193_WBHW,0
A_1194_WBHW,0
A_1195_WBHW,0
A_1196_WBHW,0
A_1197_WBHW,0
A_1198_WBHW,0
A_1199_WBHW,0
A_1200_WBHW,0
A_1201_WBHW,0
A_1202_WBHW,0
A_1203_WBHW,0
A_1204_WBHW,0
A_1205_WBHW,0
A_1206_WBHW,0
A_1207_WBHW,0
A_1208_WBHW,0
A_1209_WBHW,0
A_1210_WBHW,0
A_1211_WBHW,0
A_1212_WBHW,0
A_1213_WBHW,0
A_1214_WBHW,0
A_1215_WBHW,0
A_1216_WBHW,0
A_1217_WBHW,0
A_1218_WBHW,0
A_1219_WBHW,0
A_1220_WBHW,0
A_1221_WBHW,0
A_1222_WBHW,0
A_1223_WBHW,0
A_1224_WBHW,0
A_1225_WBHW,0
A_1226_WBHW,0
A_1227_WBHW,0
A_1228_WBHW,0
A_1229_WBHW,0
A_1230_WBHW,0
A_1231_WBHW,0
A_1232_WBHW,0
A_1233_WBHW,0
A_1234_WBHW,0
A_1235_WBHW,0
A_1236_WBHW,0
A_1237_WBHW,0
A_1238_WBHW,0
A_1239_WBHW,0
A_1240_WBHW,0
A_1241_WBHW,0
A_1242_WBHW,0
A_1243_WBHW,0
A_1244_WBHW,0
A_1245_WBHW,0
A_1246_WBHW,0
A_1247_WBHW,0
A_1248_WBHW,0
A_1249_WBHW,0
A_1250_WBHW,0
A_1251_WBHW,0
A_1252_WBHW,0
A_1253_WBHW,0
A_1254_WBHW,0
A_1255_WBHW,0
A_1256_WBHW,0
A_1257_WBHW,0
A_1258_WBHW,0
A_1259_WBHW,0
A_1260_WBHW,0
A_1261_WBHW,0
A_1262_WBHW,0
A_1263_WBHW,0
A_1264_WBHW,0
A_1265_WBHW,0
A_1266_WBHW,0
A_1267_WBHW,0
A_1268_WBHW,0
A_1269_WBHW,0
A_1270_WBHW,0
A_1271_WBHW,0
A_1272_WBHW,0
A_1273_WBHW,0
A_1274_WBHW,0
A_1275_WBHW,0
A_1276_WBHW,0
A_1277_WBHW,0
A_1278_WBHW,0
A_1279_WBHW,0
A_1280_WBHW,0
A_1281_WBHW,0
B_0_true_beam_insolation,0
B_1_true_beam_insolation,0
B_2_true_beam_insolation,0
B_3_true_beam_insolation,0
B_4_true_beam_insolation,0
B_5_true_beam_insolation,0
B_6_true_beam_insolation,0
B_7_true_beam_insolation,0
B_8_true_beam_insolation,0
B_9_true_beam_insolation,0
B_10_true_beam_insolation,0
B_11_true_beam_insolation,0
B_12_true_beam_insolation,0
B_13_true_beam_insolation,0
B_14_true_beam_insolation,0
B_15_true_beam_insolation,0
B_16_true_beam_insolation,0
B_17_true_beam_insolation,0
B_18_true_beam_insolation,0
B_19_true_beam_insolation,0
B_20_true_beam_insolation,0
B_21_true_beam_insolation,0
B_22_true_beam_insolation,0
B_23_true_beam_insolation,0
B_24_true_beam_insolation,0
B_25_true_beam_insolation,0
B_26_true_beam_insolation,0
B_27_true_beam_insolation,0
B_28_true_beam_insolation,0
B_29_true_beam_insolation,0
B_30_true_beam_insolation,0
B_31_true_beam_insolation,0
B_32_true_beam_insolation,0
B_33_true_beam_insolation,0
B_34_true_beam_insolation,0
B_35_true_beam_insolation,0
B_36_true_beam_insolation,0
B_37_true_beam_insolation,0
B_38_true_beam_insolation,0
B_39_true_beam_insolation,0
B_40_true_beam_insolation,0
B_41_true_beam_insolation,0
B_42_true_beam_insolation,0
B_43_true_beam_insolation,0
B_44_true_beam_insolation,0
B_45_true_beam_insolation,0
B_46_true_beam_insolation,0
B_47_true_beam_insolation,0
B_48_true_beam_insolation,0
B_49_true_beam_insolation,0
B_50_true_beam_insolation,0
B_51_true_beam_insolation,0
B_52_true_beam_insolation,0
B_53_true_beam_insolation,0
B_54_true_beam_insolation,0
B_55_true_beam_insolation,0
B_56_true_beam_insolation,0
B_57_true_beam_insolation,0
B_58_true_beam_insolation,0
B_59_true_beam_insolation,0
B_60_true_beam_insolation,0
B_61_true_beam_insolation,0
B_62_true_beam_insolation,0
B_63_true_beam_insolation,0
B_64_true_beam_insolation,0
B_65_true_beam_insolation,0
B_66_true_beam_insolation,0
B_67_true_beam_insolation,0
B_68_true_beam_insolation,0
B_69_true_beam_insolation,0
B_70_true_beam_insolation,0
B_71_true_beam_insolation,0
B_72_true_beam_insolation,0
B_73_true_beam_insolation,0
B_74_true_beam_insolation,0
B_75_true_beam_insolation,0
B_76_true_beam_insolation,0
B_77_true_beam_insolation,0
B_78_true_beam_insolation,0
B_79_true_beam_insolation,0
B_80_true_beam_insolation,0
B_81_true_beam_insolation,0
B_82_true_beam_insolation,0
B_83_true_beam_insolation,0
B_84_true_beam_insolation,0
B_85_true_beam_insolation,0
B_86_true_beam_insolation,0
B_87_true_beam_insolation,0
B_88_true_beam_insolation,0
B_89_true_beam_insolation,0
B_90_true_beam_insolation,0
B_91_true_beam_insolation,0
B_92_true_beam_insolation,0
B_93_true_beam_insolation,0
B_94_true_beam_insolation,0
B_95_true_beam_insolation,0
B_96_true_beam_insolation,0
B_97_true_beam_insolation,0
B_98_true_beam_insolation,0
B_99_true_beam_insolation,0
B_100_true_beam_insolation,0
B_101_true_beam_insolation,0
B_102_true_beam_insolation,0
B_103_true_beam_insolation,0
B_104_true_beam_insolation,0
B_105_true_beam_insolation,0
B_106_true_beam_insolation,0
B_107_true_beam_insolation,0
B_108_true_beam_insolation,0
B_109_true_beam_insolation,0
B_110_true_beam_insolation,0
B_111_true_beam_insolation,0
B_112_true_beam_insolation,0
B_113_true_beam_insolation,0
B_114_true_beam_insolation,0
B_115_true_beam_insolation,0
B_116_true_beam_insolation,0
B_117_true_beam_insolation,0
B_118_true_beam_insolation,0
B_119_true_beam_insolation,0
B_120_true_beam_insolation,0
B_121_true_beam_insolation,0
B_122_true_beam_insolation,0
B_123_true_beam_insolation,0
B_124_true_beam_insolation,0
B_125_true_beam_insolation,0
B_126_true_beam_insolation,0
B_127_true_beam_insolation,0
B_128_true_beam_insolation,0
B_129_true_beam_insolation,0
B_130_true_beam_insolation,0
B_131_true_beam_insolation,0
B_132_true_beam_insolation,0
B_133_true_beam_insolation,0
B_134_true_beam_insolation,0
B_135_true_beam_insolation,0
B_136_true_beam_insolation,0
B_137_true_beam_insolation,0
B_138_true_beam_insolation,0
B_139_true_beam_insolation,0
B_140_true_beam_insolation,0
B_141_true_beam_insolation,0
B_142_true_beam_insolation,0
B_143_true_beam_insolation,0
B_144_true_beam_insolation,0
B_145_true_beam_insolation,0
B_146_true_beam_insolation,0
B_147_true_beam_insolation,0
B_148_true_beam_insolation,0
B_149_true_beam_insolation,0
B_150_true_beam_insolation,0
B_151_true_beam_insolation,0
B_152_true_beam_insolation,0
B_153_true_beam_insolation,0
B_154_true_beam_insolation,0
B_155_true_beam_insolation,0
B_156_true_beam_insolation,0
B_157_true_beam_insolation,0
B_158_true_beam_insolation,0
B_159_true_beam_insolation,0
B_160_true_beam_insolation,0
B_161_true_beam_insolation,0
B_162_true_beam_insolation,0
B_163_true_beam_insolation,0
B_164_true_beam_insolation,0
B_165_true_beam_insolation,0
B_166_true_beam_insolation,0
B_167_true_beam_insolation,0
B_168_true_beam_insolation,0
B_169_true_beam_insolation,0
B_170_true_beam_insolation,0
B_171_true_beam_insolation,0
B_172_true_beam_insolation,0
B_173_true_beam_insolation,0
B_174_true_beam_insolation,0
B_175_true_beam_insolation,0
B_176_true_beam_insolation,0
B_177_true_beam_insolation,0
B_178_true_beam_insolation,0
B_179_true_beam_insolation,0
B_180_true_beam_insolation,0
B_181_true_beam_insolation,0
B_182_true_beam_insolation,0
B_183_true_beam_insolation,0
B_184_true_beam_insolation,0
B_185_true_beam_insolation,0
B_186_true_beam_insolation,0
B_187_true_beam_insolation,0
B_188_true_beam_insolation,0
B_189_true_beam_insolation,0
B_190_true_beam_insolation,0
B_191_true_beam_insolation,0
B_192_true_beam_insolation,0
B_193_true_beam_insolation,0
B_194_true_beam_insolation,0
B_195_true_beam_insolation,0
B_196_true_beam_insolation,0
B_197_true_beam_insolation,0
B_198_true_beam_insolation,0
B_199_true_beam_insolation,0
B_200_true_beam_insolation,0
B_201_true_beam_insolation,0
B_202_true_beam_insolation,0
B_203_true_beam_insolation,0
B_204_true_beam_insolation,0
B_205_true_beam_insolation,0
B_206_true_beam_insolation,0
B_207_true_beam_insolation,0
B_208_true_beam_insolation,0
B_209_true_beam_insolation,0
B_210_true_beam_insolation,0
B_211_true_beam_insolation,0
B_212_true_beam_insolation,0
B_213_true_beam_insolation,0
B_214_true_beam_insolation,0
B_215_true_beam_insolation,0
B_216_true_beam_insolation,0
B_217_true_beam_insolation,0
B_218_true_beam_insolation,0
B_219_true_beam_insolation,0
B_220_true_beam_insolation,0
B_221_true_beam_insolation,0
B_222_true_beam_insolation,0
B_223_true_beam_insolation,0
B_224_true_beam_insolation,0
B_225_true_beam_insolation,0
B_226_true_beam_insolation,0
B_227_true_beam_insolation,0
B_228_true_beam_insolation,0
B_229_true_beam_insolation,0
B_230_true_beam_insolation,0
B_231_true_beam_insolation,0
B_232_true_beam_insolation,0
B_233_true_beam_insolation,0
B_234_true_beam_insolation,0
B_235_true_beam_insolation,0
B_236_true_beam_insolation,0
B_237_true_beam_insolation,0
B_238_true_beam_insolation,0
B_239_true_beam_insolation,0
B_240_true_beam_insolation,0
B_241_true_beam_insolation,0
B_242_true_beam_insolation,0
B_243_true_beam_insolation,0
B_244_true_beam_insolation,0
B_245_true_beam_insolation,0
B_246_true_beam_insolation,0
B_247_true_beam_insolation,0
B_248_true_beam_insolation,0
B_249_true_beam_insolation,0
B_250_true_beam_insolation,0
B_251_true_beam_insolation,0
B_252_true_beam_insolation,0
B_253_true_beam_insolation,0
B_254_true_beam_insolation,0
B_255_true_beam_insolation,0
B_256_true_beam_insolation,0
B_257_true_beam_insolation,0
B_258_true_beam_insolation,0
B_259_true_beam_insolation,0
B_260_true_beam_insolation,0
B_261_true_beam_insolation,0
B_262_true_beam_insolation,0
B_263_true_beam_insolation,0
B_264_true_beam_insolation,0
B_265_true_beam_insolation,0
B_266_true_beam_insolation,0
B_267_true_beam_insolation,0
B_268_true_beam_insolation,0
B_269_true_beam_insolation,0
B_270_true_beam_insolation,0
B_271_true_beam_insolation,0
B_272_true_beam_insolation,0
B_273_true_beam_insolation,0
B_274_true_beam_insolation,0
B_275_true_beam_insolation,0
B_276_true_beam_insolation,0
B_277_true_beam_insolation,0
B_278_true_beam_insolation,0
B_279_true_beam_insolation,0
B_280_true_beam_insolation,0
B_281_true_beam_insolation,0
B_282_true_beam_insolation,0
B_283_true_beam_insolation,0
B_284_true_beam_insolation,0
B_285_true_beam_insolation,0
B_286_true_beam_insolation,0
B_287_true_beam_insolation,0
B_288_true_beam_insolation,0
B_289_true_beam_insolation,0
B_290_true_beam_insolation,0
B_291_true_beam_insolation,0
B_292_true_beam_insolation,0
B_293_true_beam_insolation,0
B_294_true_beam_insolation,0
B_295_true_beam_insolation,0
B_296_true_beam_insolation,0
B_297_true_beam_insolation,0
B_298_true_beam_insolation,0
B_299_true_beam_insolation,0
B_300_true_beam_insolation,0
B_301_true_beam_insolation,0
B_302_true_beam_insolation,0
B_303_true_beam_insolation,0
B_304_true_beam_insolation,0
B_305_true_beam_insolation,0
B_306_true_beam_insolation,0
B_307_true_beam_insolation,0
B_308_true_beam_insolation,0
B_309_true_beam_insolation,0
B_310_true_beam_insolation,0
B_311_true_beam_insolation,0
B_312_true_beam_insolation,0
B_313_true_beam_insolation,0
B_314_true_beam_insolation,0
B_315_true_beam_insolation,0
B_316_true_beam_insolation,0
B_317_true_beam_insolation,0
B_318_true_beam_insolation,0
B_319_true_beam_insolation,0
B_320_true_beam_insolation,0
B_321_true_beam_insolation,0
B_322_true_beam_insolation,0
B_323_true_beam_insolation,0
B_324_true_beam_insolation,0
B_325_true_beam_insolation,0
B_326_true_beam_insolation,0
B_327_true_beam_insolation,0
B_328_true_beam_insolation,0
B_329_true_beam_insolation,0
B_330_true_beam_insolation,0
B_331_true_beam_insolation,0
B_332_true_beam_insolation,0
B_333_true_beam_insolation,0
B_334_true_beam_insolation,0
B_335_true_beam_insolation,0
B_336_true_beam_insolation,0
B_337_true_beam_insolation,0
B_338_true_beam_insolation,0
B_339_true_beam_insolation,0
B_340_true_beam_insolation,0
B_341_true_beam_insolation,0
B_342_true_beam_insolation,0
B_343_true_beam_insolation,0
B_344_true_beam_insolation,0
B_345_true_beam_insolation,0
B_346_true_beam_insolation,0
B_347_true_beam_insolation,0
B_348_true_beam_insolation,0
B_349_true_beam_insolation,0
B_350_true_beam_insolation,0
B_351_true_beam_insolation,0
B_352_true_beam_insolation,0
B_353_true_beam_insolation,0
B_354_true_beam_insolation,0
B_355_true_beam_insolation,0
B_356_true_beam_insolation,0
B_357_true_beam_insolation,0
B_358_true_beam_insolation,0
B_359_true_beam_insolation,0
B_360_true_beam_insolation,0
B_361_true_beam_insolation,0
B_362_true_beam_insolation,0
B_363_true_beam_insolation,0
B_364_true_beam_insolation,0
B_365_true_beam_insolation,0
B_366_true_beam_insolation,0
B_367_true_beam_insolation,0
B_368_true_beam_insolation,0
B_369_true_beam_insolation,0
B_370_true_beam_insolation,0
B_371_true_beam_insolation,0
B_372_true_beam_insolation,0
B_373_true_beam_insolation,0
B_374_true_beam_insolation,0
B_375_true_beam_insolation,0
B_376_true_beam_insolation,0
B_377_true_beam_insolation,0
B_378_true_beam_insolation,0
B_379_true_beam_insolation,0
B_380_true_beam_insolation,0
B_381_true_beam_insolation,0
B_382_true_beam_insolation,0
B_383_true_beam_insolation,0
B_384_true_beam_insolation,0
B_385_true_beam_insolation,0
B_386_true_beam_insolation,0
B_387_true_beam_insolation,0
B_388_true_beam_insolation,0
B_389_true_beam_insolation,0
B_390_true_beam_insolation,0
B_391_true_beam_insolation,0
B_392_true_beam_insolation,0
B_393_true_beam_insolation,0
B_394_true_beam_insolation,0
B_395_true_beam_insolation,0
B_396_true_beam_insolation,0
B_397_true_beam_insolation,0
B_398_true_beam_insolation,0
B_399_true_beam_insolation,0
B_400_true_beam_insolation,0
B_401_true_beam_insolation,0
B_402_true_beam_insolation,0
B_403_true_beam_insolation,0
B_404_true_beam_insolation,0
B_405_true_beam_insolation,0
B_406_true_beam_insolation,0
B_407_true_beam_insolation,0
B_408_true_beam_insolation,0
B_409_true_beam_insolation,0
B_410_true_beam_insolation,0
B_411_true_beam_insolation,0
B_412_true_beam_insolation,0
B_413_true_beam_insolation,0
B_414_true_beam_insolation,0
B_415_true_beam_insolation,0
B_416_true_beam_insolation,0
B_417_true_beam_insolation,0
B_418_true_beam_insolation,0
B_419_true_beam_insolation,0
B_420_true_beam_insolation,0
B_421_true_beam_insolation,0
B_422_true_beam_insolation,0
B_423_true_beam_insolation,0
B_424_true_beam_insolation,0
B_425_true_beam_insolation,0
B_426_true_beam_insolation,0
B_427_true_beam_insolation,0
B_428_true_beam_insolation,0
B_429_true_beam_insolation,0
B_430_true_beam_insolation,0
B_431_true_beam_insolation,0
B_432_true_beam_insolation,0
B_433_true_beam_insolation,0
B_434_true_beam_insolation,0
B_435_true_beam_insolation,0
B_436_true_beam_insolation,0
B_437_true_beam_insolation,0
B_438_true_beam_insolation,0
B_439_true_beam_insolation,0
B_440_true_beam_insolation,0
B_441_true_beam_insolation,0
B_442_true_beam_insolation,0
B_443_true_beam_insolation,0
B_444_true_beam_insolation,0
B_445_true_beam_insolation,0
B_446_true_beam_insolation,0
B_447_true_beam_insolation,0
B_448_true_beam_insolation,0
B_449_true_beam_insolation,0
B_450_true_beam_insolation,0
B_451_true_beam_insolation,0
B_452_true_beam_insolation,0
B_453_true_beam_insolation,0
B_454_true_beam_insolation,0
B_455_true_beam_insolation,0
B_456_true_beam_insolation,0
B_457_true_beam_insolation,0
B_458_true_beam_insolation,0
B_459_true_beam_insolation,0
B_460_true_beam_insolation,0
B_461_true_beam_insolation,0
B_462_true_beam_insolation,0
B_463_true_beam_insolation,0
B_464_true_beam_insolation,0
B_465_true_beam_insolation,0
B_466_true_beam_insolation,0
B_467_true_beam_insolation,0
B_468_true_beam_insolation,0
B_469_true_beam_insolation,0
B_470_true_beam_insolation,0
B_471_true_beam_insolation,0
B_472_true_beam_insolation,0
B_473_true_beam_insolation,0
B_474_true_beam_insolation,0
B_475_true_beam_insolation,0
B_476_true_beam_insolation,0
B_477_true_beam_insolation,0
B_478_true_beam_insolation,0
B_479_true_beam_insolation,0
B_480_true_beam_insolation,0
B_481_true_beam_insolation,0
B_482_true_beam_insolation,0
B_483_true_beam_insolation,0
B_484_true_beam_insolation,0
B_485_true_beam_insolation,0
B_486_true_beam_insolation,0
B_487_true_beam_insolation,0
B_488_true_beam_insolation,0
B_489_true_beam_insolation,0
B_490_true_beam_insolation,0
B_491_true_beam_insolation,0
B_492_true_beam_insolation,0
B_493_true_beam_insolation,0
B_494_true_beam_insolation,0
B_495_true_beam_insolation,0
B_496_true_beam_insolation,0
B_497_true_beam_insolation,0
B_498_true_beam_insolation,0
B_499_true_beam_insolation,0
B_500_true_beam_insolation,0
B_501_true_beam_insolation,0
B_502_true_beam_insolation,0
B_503_true_beam_insolation,0
B_504_true_beam_insolation,0
B_505_true_beam_insolation,0
B_506_true_beam_insolation,0
B_507_true_beam_insolation,0
B_508_true_beam_insolation,0
B_509_true_beam_insolation,0
B_510_true_beam_insolation,0
B_511_true_beam_insolation,0
B_512_true_beam_insolation,0
B_513_true_beam_insolation,0
B_514_true_beam_insolation,0
B_515_true_beam_insolation,0
B_516_true_beam_insolation,0
B_517_true_beam_insolation,0
B_518_true_beam_insolation,0
B_519_true_beam_insolation,0
B_520_true_beam_insolation,0
B_521_true_beam_insolation,0
B_522_true_beam_insolation,0
B_523_true_beam_insolation,0
B_524_true_beam_insolation,0
B_525_true_beam_insolation,0
B_526_true_beam_insolation,0
B_527_true_beam_insolation,0
B_528_true_beam_insolation,0
B_529_true_beam_insolation,0
B_530_true_beam_insolation,0
B_531_true_beam_insolation,0
B_532_true_beam_insolation,0
B_533_true_beam_insolation,0
B_534_true_beam_insolation,0
B_535_true_beam_insolation,0
B_536_true_beam_insolation,0
B_537_true_beam_insolation,0
B_538_true_beam_insolation,0
B_539_true_beam_insolation,0
B_540_true_beam_insolation,0
B_541_true_beam_insolation,0
B_542_true_beam_insolation,0
B_543_true_beam_insolation,0
B_544_true_beam_insolation,0
B_545_true_beam_insolation,0
B_546_true_beam_insolation,0
B_547_true_beam_insolation,0
B_548_true_beam_insolation,0
B_549_true_beam_insolation,0
B_550_true_beam_insolation,0
B_551_true_beam_insolation,0
B_552_true_beam_insolation,0
B_553_true_beam_insolation,0
B_554_true_beam_insolation,0
B_555_true_beam_insolation,0
B_556_true_beam_insolation,0
B_557_true_beam_insolation,0
B_558_true_beam_insolation,0
B_559_true_beam_insolation,0
B_560_true_beam_insolation,0
B_561_true_beam_insolation,0
B_562_true_beam_insolation,0
B_563_true_beam_insolation,0
B_564_true_beam_insolation,0
B_565_true_beam_insolation,0
B_566_true_beam_insolation,0
B_567_true_beam_insolation,0
B_568_true_beam_insolation,0
B_569_true_beam_insolation,0
B_570_true_beam_insolation,0
B_571_true_beam_insolation,0
B_572_true_beam_insolation,0
B_573_true_beam_insolation,0
B_574_true_beam_insolation,0
B_575_true_beam_insolation,0
B_576_true_beam_insolation,0
B_577_true_beam_insolation,0
B_578_true_beam_insolation,0
B_579_true_beam_insolation,0
B_580_true_beam_insolation,0
B_581_true_beam_insolation,0
B_582_true_beam_insolation,0
B_583_true_beam_insolation,0
B_584_true_beam_insolation,0
B_585_true_beam_insolation,0
B_586_true_beam_insolation,0
B_587_true_beam_insolation,0
B_588_true_beam_insolation,0
B_589_true_beam_insolation,0
B_590_true_beam_insolation,0
B_591_true_beam_insolation,0
B_592_true_beam_insolation,0
B_593_true_beam_insolation,0
B_594_true_beam_insolation,0
B_595_true_beam_insolation,0
B_596_true_beam_insolation,0
B_597_true_beam_insolation,0
B_598_true_beam_insolation,0
B_599_true_beam_insolation,0
B_600_true_beam_insolation,0
B_601_true_beam_insolation,0
B_602_true_beam_insolation,0
B_603_true_beam_insolation,0
B_604_true_beam_insolation,0
B_605_true_beam_insolation,0
B_606_true_beam_insolation,0
B_607_true_beam_insolation,0
B_608_true_beam_insolation,0
B_609_true_beam_insolation,0
B_610_true_beam_insolation,0
B_611_true_beam_insolation,0
B_612_true_beam_insolation,0
B_613_true_beam_insolation,0
B_614_true_beam_insolation,0
B_615_true_beam_insolation,0
B_616_true_beam_insolation,0
B_617_true_beam_insolation,0
B_618_true_beam_insolation,0
B_619_true_beam_insolation,0
B_620_true_beam_insolation,0
B_621_true_beam_insolation,0
B_622_true_beam_insolation,0
B_623_true_beam_insolation,0
B_624_true_beam_insolation,0
B_625_true_beam_insolation,0
B_626_true_beam_insolation,0
B_627_true_beam_insolation,0
B_628_true_beam_insolation,0
B_629_true_beam_insolation,0
B_630_true_beam_insolation,0
B_631_true_beam_insolation,0
B_632_true_beam_insolation,0
B_633_true_beam_insolation,0
B_634_true_beam_insolation,0
B_635_true_beam_insolation,0
B_636_true_beam_insolation,0
B_637_true_beam_insolation,0
B_638_true_beam_insolation,0
B_639_true_beam_insolation,0
B_640_true_beam_insolation,0
B_641_true_beam_insolation,0
B_642_true_beam_insolation,0
B_643_true_beam_insolation,0
B_644_true_beam_insolation,0
B_645_true_beam_insolation,0
B_646_true_beam_insolation,0
B_647_true_beam_insolation,0
B_648_true_beam_insolation,0
B_649_true_beam_insolation,0
B_650_true_beam_insolation,0
B_651_true_beam_insolation,0
B_652_true_beam_insolation,0
B_653_true_beam_insolation,0
B_654_true_beam_insolation,0
B_655_true_beam_insolation,0
B_656_true_beam_insolation,0
B_657_true_beam_insolation,0
B_658_true_beam_insolation,0
B_659_true_beam_insolation,0
B_660_true_beam_insolation,0
B_661_true_beam_insolation,0
B_662_true_beam_insolation,0
B_663_true_beam_insolation,0
B_664_true_beam_insolation,0
B_665_true_beam_insolation,0
B_666_true_beam_insolation,0
B_667_true_beam_insolation,0
B_668_true_beam_insolation,0
B_669_true_beam_insolation,0
B_670_true_beam_insolation,0
B_671_true_beam_insolation,0
B_672_true_beam_insolation,0
B_673_true_beam_insolation,0
B_674_true_beam_insolation,0
B_675_true_beam_insolation,0
B_676_true_beam_insolation,0
B_677_true_beam_insolation,0
B_678_true_beam_insolation,0
B_679_true_beam_insolation,0
B_680_true_beam_insolation,0
B_681_true_beam_insolation,0
B_682_true_beam_insolation,0
B_683_true_beam_insolation,0
B_684_true_beam_insolation,0
B_685_true_beam_insolation,0
B_686_true_beam_insolation,0
B_687_true_beam_insolation,0
B_688_true_beam_insolation,0
B_689_true_beam_insolation,0
B_690_true_beam_insolation,0
B_691_true_beam_insolation,0
B_692_true_beam_insolation,0
B_693_true_beam_insolation,0
B_694_true_beam_insolation,0
B_695_true_beam_insolation,0
B_696_true_beam_insolation,0
B_697_true_beam_insolation,0
B_698_true_beam_insolation,0
B_699_true_beam_insolation,0
B_700_true_beam_insolation,0
B_701_true_beam_insolation,0
B_702_true_beam_insolation,0
B_703_true_beam_insolation,0
B_704_true_beam_insolation,0
B_705_true_beam_insolation,0
B_706_true_beam_insolation,0
B_707_true_beam_insolation,0
B_708_true_beam_insolation,0
B_709_true_beam_insolation,0
B_710_true_beam_insolation,0
B_711_true_beam_insolation,0
B_712_true_beam_insolation,0
B_713_true_beam_insolation,0
B_714_true_beam_insolation,0
B_715_true_beam_insolation,0
B_716_true_beam_insolation,0
B_717_true_beam_insolation,0
B_718_true_beam_insolation,0
B_719_true_beam_insolation,0
B_720_true_beam_insolation,0
B_721_true_beam_insolation,0
B_722_true_beam_insolation,0
B_723_true_beam_insolation,0
B_724_true_beam_insolation,0
B_725_true_beam_insolation,0
B_726_true_beam_insolation,0
B_727_true_beam_insolation,0
B_728_true_beam_insolation,0
B_729_true_beam_insolation,0
B_730_true_beam_insolation,0
B_731_true_beam_insolation,0
B_732_true_beam_insolation,0
B_733_true_beam_insolation,0
B_734_true_beam_insolation,0
B_735_true_beam_insolation,0
B_736_true_beam_insolation,0
B_737_true_beam_insolation,0
B_738_true_beam_insolation,0
B_739_true_beam_insolation,0
B_740_true_beam_insolation,0
B_741_true_beam_insolation,0
B_742_true_beam_insolation,0
B_743_true_beam_insolation,0
B_744_true_beam_insolation,0
B_745_true_beam_insolation,0
B_746_true_beam_insolation,0
B_747_true_beam_insolation,0
B_748_true_beam_insolation,0
B_749_true_beam_insolation,0
B_750_true_beam_insolation,0
B_751_true_beam_insolation,0
B_752_true_beam_insolation,0
B_753_true_beam_insolation,0
B_754_true_beam_insolation,0
B_755_true_beam_insolation,0
B_756_true_beam_insolation,0
B_757_true_beam_insolation,0
B_758_true_beam_insolation,0
B_759_true_beam_insolation,0
B_760_true_beam_insolation,0
B_761_true_beam_insolation,0
B_762_true_beam_insolation,0
B_763_true_beam_insolation,0
B_764_true_beam_insolation,0
B_765_true_beam_insolation,0
B_766_true_beam_insolation,0
B_767_true_beam_insolation,0
B_768_true_beam_insolation,0
B_769_true_beam_insolation,0
B_770_true_beam_insolation,0
B_771_true_beam_insolation,0
B_772_true_beam_insolation,0
B_773_true_beam_insolation,0
B_774_true_beam_insolation,0
B_775_true_beam_insolation,0
B_776_true_beam_insolation,0
B_777_true_beam_insolation,0
B_778_true_beam_insolation,0
B_779_true_beam_insolation,0
B_780_true_beam_insolation,0
B_781_true_beam_insolation,0
B_782_true_beam_insolation,0
B_783_true_beam_insolation,0
B_784_true_beam_insolation,0
B_785_true_beam_insolation,0
B_786_true_beam_insolation,0
B_787_true_beam_insolation,0
B_788_true_beam_insolation,0
B_789_true_beam_insolation,0
B_790_true_beam_insolation,0
B_791_true_beam_insolation,0
B_792_true_beam_insolation,0
B_793_true_beam_insolation,0
B_794_true_beam_insolation,0
B_795_true_beam_insolation,0
B_796_true_beam_insolation,0
B_797_true_beam_insolation,0
B_798_true_beam_insolation,0
B_799_true_beam_insolation,0
B_800_true_beam_insolation,0
B_801_true_beam_insolation,0
B_802_true_beam_insolation,0
B_803_true_beam_insolation,0
B_804_true_beam_insolation,0
B_805_true_beam_insolation,0
B_806_true_beam_insolation,0
B_807_true_beam_insolation,0
B_808_true_beam_insolation,0
B_809_true_beam_insolation,0
B_810_true_beam_insolation,0
B_811_true_beam_insolation,0
B_812_true_beam_insolation,0
B_813_true_beam_insolation,0
B_814_true_beam_insolation,0
B_815_true_beam_insolation,0
B_816_true_beam_insolation,0
B_817_true_beam_insolation,0
B_818_true_beam_insolation,0
B_819_true_beam_insolation,0
B_820_true_beam_insolation,0
B_821_true_beam_insolation,0
B_822_true_beam_insolation,0
B_823_true_beam_insolation,0
B_824_true_beam_insolation,0
B_825_true_beam_insolation,0
B_826_true_beam_insolation,0
B_827_true_beam_insolation,0
B_828_true_beam_insolation,0
B_829_true_beam_insolation,0
B_830_true_beam_insolation,0
B_831_true_beam_insolation,0
B_832_true_beam_insolation,0
B_833_true_beam_insolation,0
B_834_true_beam_insolation,0
B_835_true_beam_insolation,0
B_836_true_beam_insolation,0
B_837_true_beam_insolation,0
B_838_true_beam_insolation,0
B_839_true_beam_insolation,0
B_840_true_beam_insolation,0
B_841_true_beam_insolation,0
B_842_true_beam_insolation,0
B_843_true_beam_insolation,0
B_844_true_beam_insolation,0
B_845_true_beam_insolation,0
B_846_true_beam_insolation,0
B_847_true_beam_insolation,0
B_848_true_beam_insolation,0
B_849_true_beam_insolation,0
B_850_true_beam_insolation,0
B_851_true_beam_insolation,0
B_852_true_beam_insolation,0
B_853_true_beam_insolation,0
B_854_true_beam_insolation,0
B_855_true_beam_insolation,0
B_856_true_beam_insolation,0
B_857_true_beam_insolation,0
B_858_true_beam_insolation,0
B_859_true_beam_insolation,0
B_860_true_beam_insolation,0
B_861_true_beam_insolation,0
B_862_true_beam_insolation,0
B_863_true_beam_insolation,0
B_864_true_beam_insolation,0
B_865_true_beam_insolation,0
B_866_true_beam_insolation,0
B_867_true_beam_insolation,0
B_868_true_beam_insolation,0
B_869_true_beam_insolation,0
B_870_true_beam_insolation,0
B_871_true_beam_insolation,0
B_872_true_beam_insolation,0
B_873_true_beam_insolation,0
B_874_true_beam_insolation,0
B_875_true_beam_insolation,0
B_876_true_beam_insolation,0
B_877_true_beam_insolation,0
B_878_true_beam_insolation,0
B_879_true_beam_insolation,0
B_880_true_beam_insolation,0
B_881_true_beam_insolation,0
B_882_true_beam_insolation,0
B_883_true_beam_insolation,0
B_884_true_beam_insolation,0
B_885_true_beam_insolation,0
B_886_true_beam_insolation,0
B_887_true_beam_insolation,0
B_888_true_beam_insolation,0
B_889_true_beam_insolation,0
B_890_true_beam_insolation,0
B_891_true_beam_insolation,0
B_892_true_beam_insolation,0
B_893_true_beam_insolation,0
B_894_true_beam_insolation,0
B_895_true_beam_insolation,0
B_896_true_beam_insolation,0
B_897_true_beam_insolation,0
B_898_true_beam_insolation,0
B_899_true_beam_insolation,0
